1,作业盒子小学学生端,教育培训,K12教育
2,作业帮,教育培训,K12教育
3,最右,新闻资讯,趣味新闻
3,最右,通讯社交,社区论坛
5,最美证件照,图片摄影,图片编辑
6,最美天气,实用工具,生活工具
7,最惠保,金融服务,保险
7,最惠保,汽车服务,违章查询
8,足记,图片摄影,图片编辑
9,租租车,通勤出行,租车
10,租了啦,房产租售,房产租赁
11,纵横小说,阅读漫画,在线阅读
12,踪视通,智能硬件,智能安防
13,自如客,房产租售,房产租赁
13,自如客,房产租售,综合租售
15,紫微斗数,宗教占卜,宗教占卜
16,滋味Live,视频直播,垂直直播
17,追追漫画,阅读漫画,动漫漫画
18,追书神器,阅读漫画,在线阅读
19,追啊,视频直播,垂直视频
21,转转,网络购物,二手交易
22,住这儿,通讯社交,社区论坛
22,住这儿,房产租售,房产运营
22,住这儿,房产租售,房产开发
23,主题控,实用工具,壁纸主题
24,逐浪小说,阅读漫画,在线阅读
25,猪八戒,求职招聘,兼职招聘
26,华润银行,金融服务,传统银行
27,珠宝贷,金融服务,借贷
28,重庆三峡银行,金融服务,传统银行
29,众信金融,金融服务,综合金融
30,众禄基金,金融服务,理财
31,众筹网,金融服务,众筹
32,众筹客,金融服务,众筹
33,众安在线,金融服务,保险
34,中原证券,金融服务,理财
35,中原理财,金融服务,理财
36,中油好客e站,汽车服务,加油油耗
37,中邮证券,金融服务,理财
38,中银消费金融,金融服务,借贷
39,中银基金,金融服务,理财
40,中银国际,金融服务,理财
41,中银保险,金融服务,保险
42,中央天气预报,实用工具,生活工具
43,中信证券,金融服务,理财
44,中信银行动卡空间,金融服务,传统银行
44,中信银行动卡空间,借贷,银行信用卡
45,中信信托,金融服务,理财
46,中信建投,金融服务,理财
47,中维云视通监控软件,智能硬件,智能安防
48,中投融,金融服务,理财
49,中泰证券,金融服务,理财
50,中华万年历(随身云信息技术有限公司),实用工具,生活工具
51,鲸钱包-中航系金融服务平台,金融服务,理财
52,中国银行手机银行,金融服务,传统银行
53,中国银行缤纷生活,金融服务,传统银行
53,中国银行缤纷生活,借贷,银行信用卡
54,中国移动,实用工具,生活工具
55,中国信保,金融服务,保险
56,中国天气通,实用工具,生活工具
57,中国石化加油卡掌上营业厅,汽车服务,加油油耗
58,中国日报,新闻资讯,报纸
59,中国人保,金融服务,保险
61,116114,实用工具,分类信息
61,116114,旅行出游,综合预定
62,中国联航,旅行出游,非廉价航空
63,中国建设银行,金融服务,传统银行
64,中国婚博会,生活服务,婚庆服务
65,中国国航手机客户端,旅行出游,非廉价航空
66,中国工商银行,金融服务,传统银行
67,中国大学MOOC,教育培训,高等教育
67,中国大学MOOC,教育培训,公开课
68,中国大地保险,金融服务,保险
69,中国比特币,金融服务,理财
70,中读,通讯社交,知识百科
71,智学网—让学习更简单,教育培训,K12教育
72,智联招聘,求职招聘,招聘求职
73,智慧树,教育培训,早教辅导
75,指尖贷,金融服务,借贷
76,直播吧,视频直播,垂直直播
77,执业医师,教育培训,继续教育
78,知乎日报,新闻资讯,综合新闻
79,知乎,通讯社交,知识百科
79,知乎,通讯社交,社区论坛
80,支付宝,金融服务,支付工具
81,郑州银行,金融服务,传统银行
82,珍品网,网络购物,垂直电商
82,珍品网,网络购物,奢侈品
83,珍爱网,通讯社交,婚恋社交
84,浙商证券,金融服务,理财
85,浙商银行,金融服务,传统银行
86,浙江移动手机营业厅,实用工具,生活工具
87,浙江泰隆商业银行,金融服务,传统银行
88,浙江民泰商业银行,金融服务,传统银行
89,浙江稠州商业银行,金融服务,传统银行
90,折800,餐饮娱乐,优惠团购
92,招商证券,金融服务,理财
93,招商银行掌上生活,金融服务,传统银行
93,招商银行掌上生活,借贷,银行信用卡
94,招商银行,金融服务,传统银行
95,招商基金,金融服务,理财
96,招商贷,金融服务,借贷
97,招联金融,金融服务,综合金融
98,掌众金融闪电借款,金融服务,借贷
99,掌中财富,金融服务,借贷
100,掌阅iReader,阅读漫画,在线阅读
102,掌通家园,通讯社交,家校沟通
102,掌通家园,智能硬件,智能安防
102,掌通家园,通讯社交,即时通讯
103,掌上英雄联盟,通讯社交,社区论坛
103,掌上英雄联盟,新闻资讯,垂直新闻
104,掌上如家,旅行出游,商务酒店
105,掌上公交,通勤出行,公共交通
107,掌上道聚城,网络购物,垂直电商
108,掌上穿越火线,通讯社交,社区论坛
108,掌上穿越火线,游戏娱乐,游戏娱乐
109,掌门,教育培训,继续教育
110,掌读看书,阅读漫画,在线阅读
111,长沙银行,金融服务,传统银行
112,长量基金销售,金融服务,理财
113,长江证券,金融服务,理财
114,长城证券,金融服务,理财
115,长城国瑞,金融服务,理财
116,长安银行,金融服务,传统银行
117,长安信托,金融服务,理财
118,张家口银行,金融服务,传统银行
119,战旗TV,视频直播,游戏直播
119,战旗TV,视频直播,垂直直播
120,展恒基金网,金融服务,理财
121,展翅招聘,求职招聘,校园招聘
121,展翅招聘,求职招聘,实习招聘
122,渣打银行,金融服务,传统银行
123,运满满找货,快递物流,物流运输
124,运动世界校园版,通讯社交,健身社区
125,运动宝,健康美容,运动健身
126,孕育管家,母婴亲子,母婴健康
127,孕期提醒,母婴亲子,母婴健康
127,孕期提醒,母婴亲子,母婴工具
129,云图手机电视,视频直播,电视视频
130,泰捷视频,视频直播,综合视频
130,泰捷视频,视频直播,电视视频
131,云南移动手机营业厅,实用工具,生活工具
132,云康宝,智能硬件,健康监测
133,云分享,实用工具,办公工具
134,粤商贷理财,金融服务,借贷
135,粤财信托,金融服务,理财
136,悦图,新闻资讯,趣味新闻
137,悦动圈跑步,通讯社交,健身社区
137,悦动圈跑步,健康美容,运动健身
138,阅读星,阅读漫画,在线阅读
139,阅读王,阅读漫画,在线阅读
140,约单,通讯社交,匿名社交
141,缘份吧,通讯社交,婚恋社交
142,原子贷,金融服务,借贷
143,元贝驾考,汽车服务,驾考摇号
143,元贝驾考,教育培训,继续教育
144,育学园,母婴亲子,母婴健康
145,育儿宝,母婴亲子,母婴工具
146,柚宝宝孕育,母婴亲子,母婴社区
147,有鱼记账,金融服务,记账
148,有用分期,金融服务,分期消费
149,有妖气漫画,阅读漫画,动漫漫画
150,有信电话,通讯社交,即时通讯
151,有书共读,阅读漫画,在线阅读
152,有钱用,金融服务,借贷
153,有品·PICOOC,健康美容,减肥瘦身
153,有品·PICOOC,智能硬件,健康监测
154,有利网理财,金融服务,理财
155,有道云笔记,实用工具,办公工具
156,有道精品课,教育培训,高等教育
156,有道精品课,教育培训,公开课
157,有道翻译官,实用工具,词典翻译
158,有贝钱袋,金融服务,借贷
159,友金所,金融服务,理财
160,油惠通,汽车服务,加油油耗
161,邮储手机银行,金融服务,传统银行
162,优优宝,金融服务,分期消费
163,优选宝,金融服务,理财
164,优信二手车,汽车服务,汽车买卖
165,优美图,图片摄影,摄影社区
166,优酷视频播放器,视频直播,综合视频
167,优健康,健康美容,健康管理
168,优分期,金融服务,借贷
169,用药助手,医疗健康,医药服务
170,用钱宝,金融服务,借贷
171,永利宝,金融服务,理财
172,映客直播,视频直播,综合直播
173,应用汇,实用工具,应用商店
174,应用管家,实用工具,应用商店
175,应用宝,实用工具,应用商店
176,影音先锋,视频直播,综合视频
176,影音先锋,视频直播,播放器
178,影视大全,视频直播,综合视频
179,营口银行,金融服务,传统银行
180,萤石云视频,智能硬件,智能安防
181,萤火虫分期服务,金融服务,借贷
182,对啊网系列,教育培训,继续教育
183,英语趣配音,教育培训,语言学习
184,英语流利说,教育培训,语言学习
185,英大证券,金融服务,理财
186,印象笔记,实用工具,办公工具
187,隐私卫士,实用工具,手机工具
189,银座酒店,旅行出游,商务酒店
190,银票网,金融服务,理财
192,银联钱包,金融服务,支付工具
193,银华基金,金融服务,理财
194,银湖网,金融服务,借贷
195,银河证券（资管）,金融服务,理财
196,银河证券,金融服务,理财
197,银谷普惠,金融服务,借贷
198,银豆网,金融服务,借贷
199,音悦Tai,音乐广播,综合音乐
202,翼支付,金融服务,支付工具
203,翼龙贷,金融服务,借贷
204,易信（浙江翼信科技有限公司）,通讯社交,即时通讯
205,易鑫车贷,金融服务,借贷
206,易通贷,金融服务,借贷
207,易企秀,图片摄影,图片编辑
208,易奇八字算命大师,宗教占卜,宗教占卜
209,易美建,金融服务,分期消费
210,易方达基金,金融服务,理财
211,易到用车（司机版）,通勤出行,打车
212,易到用车,通勤出行,打车
213,易保险,汽车服务,汽车保险
215,宜搜小说,阅读漫画,在线阅读
216,宜人贷借款,金融服务,借贷
217,宜贷网,金融服务,借贷
218,壹钱包,金融服务,综合金融
219,医指通,医疗健康,预约挂号
220,医学考研题库,教育培训,高等教育
221,医生站,通讯社交,社区论坛
221,医生站,医疗健康,医疗资讯
222,医联,医疗健康,医疗管理
223,衣二三,网络购物,二手交易
224,一种,餐饮娱乐,点评推荐
225,一直播,视频直播,垂直直播
227,一起作业（学生端）,教育培训,K12教育
228,一米鲜,网络购物,水果生鲜
229,一米工作,求职招聘,招聘求职
230,一路财富,金融服务,理财
231,一嗨租车,通勤出行,租车
232,一点资讯,新闻资讯,综合新闻
234,药房网商城,医疗健康,医药服务
235,遥控精灵,智能硬件,智能家居
236,洋葱数学－学习可以如此简单！,教育培训,K12教育
237,阳光信保,金融服务,保险
238,央视影音,视频直播,电视视频
239,亚马逊,网络购物,综合电商
240,迅雷,实用工具,手机工具
241,讯飞语音+,实用工具,手机工具
242,讯飞输入法,实用工具,手机工具
243,雪球,金融服务,理财
245,学霸君,教育培训,K12教育
246,璇玑智投,金融服务,理财
247,悬空城®,游戏娱乐,游戏娱乐
248,秀色,视频直播,垂直直播
249,熊猫看书,阅读漫画,在线阅读
250,熊猫保险,金融服务,保险
251,熊猫TV,视频直播,游戏直播
251,熊猫TV,视频直播,垂直直播
252,熊出没之熊大快跑（送话费）,游戏娱乐,游戏娱乐
253,幸福绿城,房产租售,房产运营
253,幸福绿城,房产租售,房产开发
253,幸福绿城,生活服务,家政服务
254,杏仁医生,医疗健康,医疗管理
255,兴业证券,金融服务,理财
256,兴业银行,金融服务,传统银行
257,兴业全球基金,金融服务,理财
258,星空,宗教占卜,宗教占卜
260,信用钱包,金融服务,借贷
261,信通袋,金融服务,借贷
262,信融财富,金融服务,借贷
263,信而富,金融服务,借贷
264,信达证券,金融服务,理财
265,鑫合汇,金融服务,理财
266,新英体育,视频直播,体育直播
266,新英体育,视频直播,垂直直播
267,新新贷,金融服务,借贷
268,新时代证券,金融服务,理财
269,新时代信托,金融服务,理财
270,新民晚报邻声,新闻资讯,报纸
271,新联在线,金融服务,理财
272,新浪有借,金融服务,借贷
273,新浪新闻,新闻资讯,综合新闻
274,新浪微博,通讯社交,微博博客
275,新浪博客,通讯社交,微博博客
276,新华保险,金融服务,保险
277,携程旅行,旅行出游,综合预定
278,小猪短租,旅行出游,民宿短租
279,小猿搜题,教育培训,K12教育
280,小油菜,金融服务,借贷
281,小影,视频直播,短视频
281,小影,图片摄影,影像剪辑
282,小赢卡贷,金融服务,借贷
283,小意思,金融服务,借贷
284,小易贷,金融服务,借贷
285,小蚁千里眼,智能硬件,智能安防
286,小熊油耗,汽车服务,加油油耗
287,小说阅读网,阅读漫画,在线阅读
288,小说下载阅读器－全本连载追书神器,阅读漫画,在线阅读
289,小树时代,金融服务,借贷
291,小钱贷款,金融服务,借贷
292,小炮,金融服务,博彩彩票
293,小牛在线,金融服务,理财
295,小米运动,健康美容,运动健身
296,小米游戏中心,实用工具,应用商店
297,小米应用商店,实用工具,应用商店
298,小米视频,视频直播,综合视频
298,小米视频,图片摄影,摄影社区
299,小米生活,实用工具,生活工具
300,小米金融,金融服务,综合金融
302,小美快购,网络购物,水果生鲜
303,小咖秀,视频直播,短视频
303,小咖秀,图片摄影,影像剪辑
305,小花钱包,金融服务,借贷
306,小狐分期,金融服务,借贷
307,小红书海外购物神器,通讯社交,社区论坛
307,小红书海外购物神器,网络购物,跨境海淘
308,小恩爱,通讯社交,匿名社交
309,小肚皮,健康美容,减肥瘦身
310,小豆苗疫苗助手,母婴亲子,母婴健康
310,小豆苗疫苗助手,母婴亲子,母婴工具
311,小葱钱包,金融服务,借贷
312,小伴龙,教育培训,早教辅导
312,小伴龙,阅读漫画,少儿读物
313,潇湘书院,阅读漫画,在线阅读
314,海滨消消乐,游戏娱乐,游戏娱乐
315,向上金服,金融服务,理财
316,向钱贷,金融服务,借贷
317,响巢看看,视频直播,综合视频
318,享骑出行,通勤出行,共享单车
319,湘财证券,金融服务,理财
320,香哈菜谱,餐饮娱乐,美食菜谱
321,香港航空,旅行出游,非廉价航空
322,相机360,图片摄影,照相机
322,相机360,图片摄影,图片编辑
323,钱急送,金融服务,借贷
324,现金宝,金融服务,理财
325,现金白卡,金融服务,借贷
326,现金巴士,金融服务,借贷
327,咸蛋家,视频直播,综合直播
328,鲜城,餐饮娱乐,点评推荐
329,先花花,金融服务,借贷
330,下厨房,餐饮娱乐,美食菜谱
331,虾球借钱,金融服务,借贷
332,虾米音乐,音乐广播,综合音乐
333,喜马拉雅,音乐广播,在线电台
334,西南证券,金融服务,理财
336,西部证券,金融服务,理财
337,悟空遥控器,智能硬件,智能家居
338,悟空识字HD,教育培训,K12教育
338,悟空识字HD,幼儿园,幼儿园教育
339,悟空拼音,教育培训,早教辅导
340,悟空保,金融服务,保险
341,五矿信托,金融服务,理财
342,唔哩,通讯社交,知识百科
342,唔哩,新闻资讯,趣味新闻
344,无他相机,图片摄影,照相机
346,卧虎藏龙贰,游戏娱乐,游戏娱乐
347,沃支付,金融服务,支付工具
348,沃阅读,阅读漫画,在线阅读
349,沃邮箱,实用工具,办公工具
350,沃音乐,音乐广播,综合音乐
351,沃时贷,金融服务,借贷
352,沃商店,实用工具,应用商店
353,沃门户,实用工具,生活工具
354,沃·行讯通,汽车服务,行车辅助
354,沃·行讯通,通勤出行,公共交通
355,我要当学霸,教育培训,K12教育
356,我秀,视频直播,垂直直播
357,我来贷,金融服务,借贷
359,我的世界联机盒子,游戏娱乐,游戏娱乐
360,我的世界,游戏娱乐,游戏娱乐
361,我的社保,求职招聘,社保缴费
362,我的扫描仪,实用工具,手机工具
363,我的汤姆猫系列,游戏娱乐,游戏娱乐
366,我查查,实用工具,生活工具
367,我爱我家,房产租售,房产买卖
367,我爱我家,房产租售,房产租赁
367,我爱我家,房产租售,综合租售
368,我爱卡,金融服务,综合金融
369,窝牛装修,房产租售,家居家装
370,问药,医疗健康,医药服务
370,问药,健康美容,健康管理
371,温州银行,金融服务,传统银行
372,温商贷,金融服务,借贷
373,潍坊银行,金融服务,传统银行
374,维也纳酒店,旅行出游,商务酒店
375,唯品会,网络购物,综合电商
376,围城大作战,游戏娱乐,游戏娱乐
377,违章查询助手,汽车服务,违章查询
378,为你读诗,阅读漫画,在线阅读
379,微云,实用工具,办公工具
380,微医,医疗健康,预约挂号
381,微信读书,阅读漫画,在线阅读
382,微信电话本,通讯社交,即时通讯
383,微信,通讯社交,即时通讯
384,微软Onenote,实用工具,办公工具
385,微诺亚,金融服务,理财
386,微米浏览器,实用工具,手机工具
387,微录客,视频直播,短视频
387,微录客,图片摄影,影像剪辑
388,微量网,金融服务,理财
389,微店,网络购物,商家用户
390,微贷网,金融服务,借贷
391,微代驾,通勤出行,代驾
392,微车违章查询,汽车服务,违章查询
395,威海市商业银行,金融服务,传统银行
396,旺信,通讯社交,即时通讯
397,往返,旅行出游,行程管理
398,网易云阅读,阅读漫画,在线阅读
399,网易云音乐,音乐广播,综合音乐
400,网易有钱,金融服务,理财
401,网易有道词典,实用工具,词典翻译
402,网易邮箱大师,实用工具,手机工具
403,网易新闻,新闻资讯,综合新闻
404,网易考拉海购,网络购物,跨境海淘
405,网易红彩,金融服务,博彩彩票
406,网易公开课,视频直播,垂直视频
406,网易公开课,教育培训,继续教育
406,网易公开课,教育培训,公开课
407,网易BoBo,视频直播,综合直播
408,网信证券,金融服务,理财
409,网信理财,金融服务,理财
410,网盘搜索神器,实用工具,办公工具
411,网利宝,金融服务,综合金融
412,网贷之家,新闻资讯,垂直新闻
412,网贷之家,金融服务,借贷
413,网贷天眼,金融服务,借贷
414,王者荣耀助手,游戏娱乐,游戏娱乐
415,王者荣耀,游戏娱乐,游戏娱乐
416,万能遥控器,实用工具,生活工具
417,万联证券,金融服务,理财
418,万客,求职招聘,人事管理
420,万得股票,金融服务,理财
421,万达贷,金融服务,借贷
422,完美钢琴,游戏娱乐,游戏娱乐
423,豌豆荚,实用工具,应用商店
424,外贸信托证券尊享版,金融服务,理财
425,蛙趣视频,视频直播,短视频
425,蛙趣视频,视频直播,综合视频
426,挖财信用卡管家,金融服务,综合金融
426,挖财信用卡管家,借贷,第三方信用卡
427,挖财钱管家,金融服务,记账
428,挖财记账理财,金融服务,记账
429,拓道金服,金融服务,理财
430,团贷网,金融服务,借贷
431,土豆视频,视频直播,综合视频
432,土巴兔装修,房产租售,家居家装
433,途家,旅行出游,商务酒店
433,途家,旅行出游,民宿短租
434,途虎养车网,汽车服务,汽车养护
435,图腾贷,金融服务,借贷
436,图加,图片摄影,相册图库
437,投资达人,金融服务,理财
438,投哪网理财,金融服务,理财
439,投米RA,金融服务,理财
440,头像大师,图片摄影,相册图库
441,铜掌柜理财,金融服务,理财
442,同花顺,金融服务,理财
443,同程旅游,旅行出游,综合预定
444,同城夜约会（北京友缘在线网络科技股份有限公司）,通讯社交,匿名社交
446,同步学,教育培训,K12教育
447,听听FM,音乐广播,在线电台
448,铁友火车票,旅行出游,火车高铁
449,铁路12306,旅行出游,火车高铁
450,跳舞的线,游戏娱乐,游戏娱乐
451,天翼云,实用工具,手机工具
452,天翼阅读,阅读漫画,在线阅读
454,天翼视讯,视频直播,电视视频
455,天翼WiFi,实用工具,生活工具
456,天涯社区-微论,通讯社交,社区论坛
456,天涯社区-微论,通讯社交,微博博客
457,天下无赖,金融服务,借贷
458,天天用车,通勤出行,拼车
459,天天向商,图片摄影,图片编辑
460,天天快报,新闻资讯,综合新闻
462,天天基金网,金融服务,理财
463,天天果园,网络购物,水果生鲜
464,天天捕鱼（深圳市三一鼎盛信息技术有限公司）,游戏娱乐,游戏娱乐
465,天天P图,图片摄影,图片编辑
466,天使汇,金融服务,众筹
467,天气通,实用工具,生活工具
468,天猫,网络购物,综合电商
469,天籁K歌－自定义音效美颜自拍K歌神器,音乐广播,在线K歌
470,天津银行,金融服务,传统银行
471,天津农商银行,金融服务,传统银行
472,天弘基金,金融服务,理财
473,天风证券,金融服务,理财
474,天安人寿,金融服务,保险
475,腾讯直播,视频直播,综合直播
476,腾讯新闻,新闻资讯,综合新闻
477,腾讯微博,通讯社交,微博博客
478,腾讯体育,视频直播,体育直播
478,腾讯体育,视频直播,垂直直播
479,腾讯视频,视频直播,综合视频
480,腾讯课堂,教育培训,公开课
480,腾讯课堂,教育培训,继续教育
481,腾讯动漫,阅读漫画,动漫漫画
482,腾讯地图,实用工具,地图导航
483,淘世界,网络购物,跨境海淘
484,淘宝电影,餐饮娱乐,娱乐票务
485,糖护士,智能硬件,健康监测
486,糖豆广场舞,视频直播,垂直视频
487,汤圆创作,阅读漫画,在线阅读
489,探探,通讯社交,匿名社交
490,贪吃蛇大作战,游戏娱乐,游戏娱乐
491,贪吃蛇大战,游戏娱乐,游戏娱乐
492,泰康在线,金融服务,保险
493,泰康医生,医疗健康,问诊咨询
493,泰康医生,健康美容,健康管理
494,泰康人寿,金融服务,保险
495,太平洋保险,金融服务,保险
496,塔读文学,阅读漫画,在线阅读
497,她社区,通讯社交,社区论坛
498,随手借,金融服务,借贷
499,随手记,金融服务,记账
501,随便走,旅行出游,综合预定
502,随e行WLAN,实用工具,生活工具
503,速8酒店,旅行出游,商务酒店
504,苏州银行,金融服务,传统银行
505,苏宁易购,网络购物,综合电商
506,苏宁金融,金融服务,综合金融
507,苏宁红孩子母婴商城,母婴亲子,母婴购物
508,搜库,视频直播,综合视频
509,搜狐新闻,新闻资讯,综合新闻
510,搜狗搜索,实用工具,手机工具
511,搜狗输入法,实用工具,手机工具
512,搜狗浏览器,实用工具,手机工具
513,搜狗号码通,实用工具,手机工具
514,搜狗地图,实用工具,地图导航
515,搜房帮,房产租售,房产运营
515,搜房帮,房产租售,综合租售
516,松鼠记账,金融服务,记账
517,松鼠贷,金融服务,借贷
518,寺库奢侈品,网络购物,垂直电商
518,寺库奢侈品,网络购物,奢侈品
519,四川移动掌上营业厅,实用工具,生活工具
520,四川天府银行,金融服务,传统银行
521,四川航空,旅行出游,非廉价航空
522,私募排排,金融服务,理财
523,私募宝,金融服务,理财
524,顺丰速运,快递物流,快递服务
525,水印相机,图片摄影,照相机
526,书旗小说,阅读漫画,在线阅读
527,瘦瘦,健康美容,减肥瘦身
528,首汽租车,通勤出行,租车
529,首汽约车,通勤出行,打车
530,首金金融,金融服务,借贷
531,首付游,旅行出游,综合预定
531,首付游,金融服务,分期消费
532,手机淘宝,网络购物,综合电商
536,手机电视精选,视频直播,电视视频
537,手机贷,金融服务,借贷
538,视频加速器,实用工具,手机工具
539,视吧,视频直播,综合直播
540,世纪佳缘,通讯社交,婚恋社交
541,四海软件系列游戏,游戏娱乐,游戏娱乐
542,食物百科,健康美容,减肥瘦身
543,HIGO,网络购物,奢侈品
543,HIGO,网络购物,跨境海淘
544,食色,餐饮娱乐,点评推荐
545,拾贝投资,金融服务,理财
547,实习僧,求职招聘,实习招聘
548,实习鸟,求职招聘,实习招聘
549,实时天气,实用工具,生活工具
550,实时航班,旅行出游,行程管理
551,时光相册,图片摄影,相册图库
552,时光网,餐饮娱乐,优惠团购
552,时光网,餐饮娱乐,娱乐票务
553,盛京银行,金融服务,传统银行
554,省呗,金融服务,借贷
555,生意专家,实用工具,办公工具
556,生命人寿,金融服务,保险
557,生菜金融,金融服务,理财
558,神州租车,通勤出行,租车
559,神州专车,通勤出行,打车
560,神庙逃亡2,游戏娱乐,游戏娱乐
561,深圳航空,旅行出游,非廉价航空
562,申万宏源,金融服务,理财
563,社保贷,求职招聘,社保缴费
564,少儿趣配音,教育培训,K12教育
565,尚品,网络购物,垂直电商
565,尚品,网络购物,奢侈品
566,上鱼,视频直播,垂直直播
567,上投摩根基金e讯,金融服务,理财
568,上海证券,金融服务,理财
569,上海银行,金融服务,传统银行
570,上海信托,金融服务,理财
571,上海农村商业银行,金融服务,传统银行
572,上海观察,新闻资讯,垂直新闻
573,彭博商业周刊,新闻资讯,财经新闻
575,扇贝单词,教育培训,语言学习
576,闪银,金融服务,借贷
577,闪聊,通讯社交,匿名社交
578,闪传,实用工具,手机工具
579,杉易贷,金融服务,借贷
580,山航掌尚飞,旅行出游,非廉价航空
581,山东掌上营业厅,实用工具,生活工具
582,厦门银行,金融服务,传统银行
583,厦航E鹭飞,旅行出游,非廉价航空
584,沙发管家,智能硬件,智能家居
586,三茅HR,求职招聘,人事资讯
587,三国杀,游戏娱乐,游戏娱乐
588,儒思HR,求职招聘,人事资讯
589,融通基金,金融服务,理财
590,融金所,金融服务,借贷
592,融360,金融服务,综合金融
593,日照银行,金融服务,传统银行
594,任性付,金融服务,借贷
595,人人投,金融服务,众筹
596,人人聚财,金融服务,借贷
597,人人贷借款,金融服务,借贷
598,人人贷理财,金融服务,理财
600,人人车二手车,汽车服务,汽车买卖
601,人人保险,金融服务,保险
602,人人,通讯社交,社区论坛
603,人民日报,新闻资讯,报纸
604,缺钱么,金融服务,借贷
605,全民枪战,游戏娱乐,游戏娱乐
606,全民TV,视频直播,游戏直播
606,全民TV,视频直播,垂直直播
607,全民K歌,音乐广播,在线K歌
608,全民DJ,游戏娱乐,游戏娱乐
609,全国违章查询（北京木仓科技有限公司）,汽车服务,违章查询
611,全本小说下载器,阅读漫画,在线阅读
612,趣还钱,金融服务,借贷
613,去哪儿旅行,旅行出游,综合预定
614,糗事百科,通讯社交,社区论坛
614,糗事百科,新闻资讯,趣味新闻
615,球探体育系列,新闻资讯,体育资讯
615,球探体育系列,通讯社交,社区论坛
616,球探体育比分,新闻资讯,垂直新闻
618,穷游,旅行出游,行程攻略
619,情侣空间,通讯社交,即时通讯
619,情侣空间,实用工具,生活工具
620,情咖FM,音乐广播,在线电台
621,蜻蜓fm收音机,音乐广播,在线电台
622,青团社兼职,求职招聘,兼职招聘
623,青柠桌面,实用工具,壁纸主题
624,青岛银行,金融服务,传统银行
625,亲亲小贷,金融服务,借贷
626,亲亲小保,求职招聘,社保缴费
628,亲宝宝,母婴亲子,母婴健康
628,亲宝宝,母婴亲子,母婴社区
628,亲宝宝,母婴亲子,母婴工具
629,茄子快传,实用工具,手机工具
630,倩女幽魂,游戏娱乐,游戏娱乐
631,钱站,金融服务,借贷
632,钱盆网,金融服务,借贷
633,钱景私人理财,金融服务,理财
634,钱盒子金融,金融服务,借贷
635,钱多多,金融服务,理财
636,钱宝,网络购物,垂直电商
637,钱包贷,金融服务,借贷
638,钱爸爸,金融服务,理财
639,前海人寿,金融服务,保险
640,前程无忧51job,求职招聘,招聘求职
641,千牛–卖家移动工作台,网络购物,商家用户
642,千聊直播,视频直播,综合直播
643,千百块,金融服务,借贷
644,汽修宝,汽车服务,汽车养护
645,汽车在线,汽车服务,行车辅助
645,汽车在线,汽车服务,汽车资讯
646,汽车头条,汽车服务,汽车资讯
647,汽车超人,汽车服务,汽车养护
648,汽车报价大全,汽车服务,汽车资讯
649,汽车报价,汽车服务,汽车资讯
651,起名解名宝宝取名,母婴亲子,母婴工具
651,起名解名宝宝取名,实用工具,生活工具
652,起点读书,阅读漫画,在线阅读
653,启发分期,金融服务,借贷
654,企业微信,通讯社交,职场社交
655,企鹅直播,视频直播,体育直播
655,企鹅直播,视频直播,垂直直播
656,企鹅FM,音乐广播,在线电台
657,骑士助手,游戏娱乐,游戏攻略
658,奇热小说,阅读漫画,在线阅读
660,齐商银行,金融服务,传统银行
661,齐鲁银行,金融服务,传统银行
662,齐家,房产租售,家居家装
663,谱蓝,金融服务,理财
664,浦发银行浦大喜奔,金融服务,传统银行
664,浦发银行浦大喜奔,借贷,银行信用卡
665,浦发银行,金融服务,传统银行
666,平安证券,金融服务,理财
667,平安银行,金融服务,传统银行
667,平安银行,借贷,银行信用卡
668,平安一账通,金融服务,综合金融
669,平安财富宝,金融服务,理财
670,平安保,金融服务,保险
671,平安普惠,金融服务,借贷
672,平安金管家,金融服务,保险
673,平安好医生,医疗健康,问诊咨询
674,平安好房,房产租售,房产金融
674,平安好房,房产租售,综合租售
675,平安保险,金融服务,保险
676,平安WiFi,实用工具,生活工具
677,品值,金融服务,借贷
678,拼多多,餐饮娱乐,优惠团购
678,拼多多,网络购物,综合电商
679,片刻,通讯社交,社区论坛
680,澎湃新闻,新闻资讯,综合新闻
681,鹏金所,金融服务,借贷
682,鹏华基金,金融服务,理财
683,配音秀,视频直播,短视频
684,泡泡龙大战,游戏娱乐,游戏娱乐
685,派派,通讯社交,匿名社交
687,拍拍贷借款,金融服务,借贷
688,拍立得定制,图片摄影,图片编辑
689,拍分期,金融服务,分期消费
690,诺远财富,金融服务,借贷
691,农行掌上银行,金融服务,传统银行
692,纽扣助手,实用工具,应用商店
693,牛股王,金融服务,理财
694,牛呗,金融服务,借贷
695,宁波银行,金融服务,传统银行
696,你我贷借款,金融服务,借贷
697,内蒙古银行,金融服务,传统银行
698,南京证券,金融服务,理财
699,南京银行,金融服务,传统银行
700,南方周末,新闻资讯,报纸
701,南方基金,金融服务,理财
703,男人装官方版－可以触摸的性感,新闻资讯,男性时尚
704,纳米盒,教育培训,K12教育
705,木鸟短租,旅行出游,民宿短租
706,墨迹天气,实用工具,生活工具
707,陌陌,通讯社交,匿名社交
708,抹茶美妆,健康美容,美容美妆
709,魔漫相机,图片摄影,照相机
710,魔力小孩拼音,教育培训,K12教育
711,魔力相册,图片摄影,相册图库
712,魔力视频,视频直播,综合视频
712,魔力视频,视频直播,电视视频
713,魔buy商城,金融服务,借贷
715,蘑菇街,网络购物,嘻哈潮牌
715,蘑菇街,网络购物,垂直电商
716,摩拜单车,通勤出行,共享单车
718,闽教英语,教育培训,语言学习
718,闽教英语,教育培训,K12教育
719,民生银行信用卡,金融服务,传统银行
719,民生银行信用卡,借贷,银行信用卡
720,民生银行,金融服务,传统银行
721,民贷天下,金融服务,借贷
722,秒拍,视频直播,短视频
722,秒拍,图片摄影,影像剪辑
723,秒分贷,金融服务,借贷
724,秒白条,金融服务,借贷
725,面包旅行,旅行出游,行程攻略
726,免费小说大全,阅读漫画,在线阅读
727,中文书城,阅读漫画,在线阅读
728,蜜芽,网络购物,垂直电商
728,蜜芽,母婴亲子,母婴购物
729,蜜淘全球购,网络购物,跨境海淘
731,米聊,通讯社交,即时通讯
732,米缸金融,金融服务,借贷
733,米尔军事,新闻资讯,垂直新闻
733,米尔军事,通讯社交,社区论坛
734,迷你世界,游戏娱乐,游戏娱乐
735,咪咕阅读,阅读漫画,在线阅读
736,咪咕游戏,游戏娱乐,游戏娱乐
737,咪咕音乐,音乐广播,综合音乐
738,咪咕视频,视频直播,综合视频
738,咪咕视频,视频直播,电视视频
739,咪咕圈圈,阅读漫画,动漫漫画
740,魅力惠,网络购物,垂直电商
740,魅力惠,网络购物,奢侈品
741,美妆心得,健康美容,美容美妆
742,美妆相机,图片摄影,照相机
743,美柚,母婴亲子,母婴健康
743,美柚,母婴亲子,母婴社区
743,美柚,健康美容,健康管理
744,美颜相机,图片摄影,照相机
745,美囤妈妈,母婴亲子,母婴购物
746,美团外卖,餐饮娱乐,外卖订餐
747,美团,餐饮娱乐,优惠团购
748,美图秀秀,图片摄影,图片编辑
749,美图贴贴,图片摄影,图片编辑
752,美食杰,餐饮娱乐,美食菜谱
753,美人妆,健康美容,美容美妆
754,美篇,通讯社交,社区论坛
756,美拍,视频直播,短视频
756,美拍,图片摄影,影像剪辑
757,美借,金融服务,借贷
758,美分期,金融服务,分期消费
759,每日瑜伽,通讯社交,健身社区
759,每日瑜伽,视频直播,垂直视频
759,每日瑜伽,健康美容,运动健身
760,每日优鲜,网络购物,水果生鲜
761,么么钱包,金融服务,借贷
762,猫眼电影,新闻资讯,影视娱乐
762,猫眼电影,餐饮娱乐,娱乐票务
763,芒果TV,视频直播,综合视频
764,漫漫,阅读漫画,动漫漫画
765,漫画人,阅读漫画,动漫漫画
767,漫画岛,阅读漫画,动漫漫画
768,脉脉,求职招聘,职场社交
769,麦子金服财富,金融服务,理财
770,麦芽分期,金融服务,借贷
771,麦芽贷,金融服务,借贷
772,麦乐购,网络购物,跨境海淘
772,麦乐购,母婴亲子,母婴购物
773,麦当劳,餐饮娱乐,外卖订餐
774,买单侠,金融服务,借贷
776,买呗,金融服务,借贷
777,蚂蚁短租,旅行出游,民宿短租
779,蚂蜂窝自由行,旅行出游,行程攻略
780,马上金融,金融服务,借贷
781,马上分期,金融服务,借贷
782,马上贷,金融服务,借贷
783,麻省理工科技评论,新闻资讯,科学文化
784,麻袋理财,金融服务,借贷
785,妈妈社区,通讯社交,社区论坛
785,妈妈社区,母婴亲子,母婴社区
786,妈妈帮,母婴亲子,母婴社区
786,妈妈帮,母婴亲子,母婴购物
787,绿地广财,金融服务,理财
788,旅行箱,旅行出游,行程管理
790,驴妈妈旅游,旅行出游,综合预定
791,落网,音乐广播,综合音乐
792,洛阳银行,金融服务,传统银行
794,路路通,旅行出游,火车高铁
795,陆金所,金融服务,综合金融
796,陆金服,金融服务,综合金融
797,鲁大师安卓版,实用工具,手机工具
798,龙珠直播,视频直播,游戏直播
798,龙珠直播,视频直播,垂直直播
799,六间房秀场,视频直播,垂直直播
800,柳州银行,金融服务,传统银行
802,零用钱,实用工具,生活工具
803,零用金,金融服务,借贷
804,零零期分期,金融服务,借贷
805,零号线外卖,餐饮娱乐,外卖订餐
806,菱菱邦,通讯社交,社区论坛
806,菱菱邦,汽车服务,汽车资讯
806,菱菱邦,汽车服务,汽车养护
807,铃声多多,音乐广播,手机铃声
808,咪咕灵犀,实用工具,手机工具
809,猎聘同道,求职招聘,招聘求职
811,猎豹浏览器极速版,实用工具,手机工具
812,猎豹安全大师,实用工具,手机工具
813,辽阳银行,金融服务,传统银行
814,链链金融,金融服务,借贷
815,链家理财,金融服务,理财
815,链家理财,房产租售,房产金融
816,恋舞OL,游戏娱乐,游戏娱乐
817,联讯证券,金融服务,理财
819,联储证券,金融服务,理财
820,联璧金融,金融服务,理财
821,荔枝FM,音乐广播,在线电台
822,利得基金,金融服务,理财
823,丽人贷,金融服务,借贷
824,理想宝,金融服务,借贷
825,理财魔方,金融服务,理财
826,理财范,金融服务,理财
827,梨视频,视频直播,短视频
828,雷速体育,新闻资讯,垂直新闻
828,雷速体育,新闻资讯,体育资讯
829,乐友,网络购物,垂直电商
829,乐友,母婴亲子,母婴购物
830,乐羊,母婴亲子,母婴社区
831,乐秀,图片摄影,影像剪辑
832,乐视体育,视频直播,体育直播
832,乐视体育,视频直播,垂直直播
833,乐视视频,视频直播,综合视频
834,乐视商城,网络购物,垂直电商
835,乐山市商业银行,金融服务,传统银行
836,乐花花,金融服务,借贷
837,乐动力,通讯社交,健身社区
837,乐动力,健康美容,运动健身
837,乐动力,智能硬件,穿戴设备
838,乐宝袋,金融服务,借贷
839,朗文当代高级词典,实用工具,词典翻译
840,口袋狼人杀,游戏娱乐,游戏娱乐
841,懒投资,金融服务,理财
842,懒人周末,实用工具,分类信息
842,懒人周末,旅行出游,综合预定
843,懒人英语—每日英语听力趣配音秀（基础音标学习雅思扇贝口语）,教育培训,语言学习
844,懒人听书,音乐广播,在线电台
845,蓝领贷,金融服务,借贷
846,蓝海智投,金融服务,理财
847,兰州银行,金融服务,传统银行
848,来疯,视频直播,综合直播
849,来分期,金融服务,借贷
850,辣妈汇,母婴亲子,母婴购物
851,辣妈帮系列,通讯社交,社区论坛
851,辣妈帮系列,母婴亲子,母婴社区
852,蜡笔分期,金融服务,借贷
853,拉手团购,餐饮娱乐,优惠团购
854,拉卡拉,金融服务,综合金融
855,昆仑银行,金融服务,传统银行
856,昆仑决,通讯社交,健身社区
856,昆仑决,新闻资讯,体育资讯
856,昆仑决,视频直播,体育直播
856,昆仑决,视频直播,垂直直播
858,快约爱,通讯社交,婚恋社交
859,快牙,实用工具,手机工具
860,普惠快信,实用工具,手机工具
861,快手发现,视频直播,短视频
861,快手发现,音乐广播,在线K歌
862,快手,视频直播,短视频
863,快视频,视频直播,短视频
864,快钱钱包,金融服务,综合金融
866,快看漫画,阅读漫画,动漫漫画
867,快金,金融服务,借贷
868,快递100,快递物流,快递服务
869,快贷,金融服务,借贷
871,酷云,实用工具,手机工具
872,酷友社区,通讯社交,社区论坛
873,酷音铃声,音乐广播,手机铃声
874,酷讯机票,旅行出游,综合预定
875,酷我听书FM电台,音乐广播,在线电台
876,酷划锁屏,实用工具,手机工具
877,酷狗音乐,音乐广播,综合音乐
878,酷狗手机铃声,音乐广播,手机铃声
879,酷6视频,视频直播,综合视频
880,库客音乐,音乐广播,综合音乐
881,口袋理财,金融服务,理财
882,口袋记账,金融服务,记账
883,口贷网,金融服务,借贷
885,肯德基优惠券,餐饮娱乐,优惠团购
886,肯德基,餐饮娱乐,外卖订餐
887,课栈网,金融服务,分期消费
888,可米酷漫画,阅读漫画,动漫漫画
889,可可英语,教育培训,语言学习
890,靠谱鸟,金融服务,借贷
891,考研帮,教育培训,高等教育
892,考拉FM,音乐广播,在线电台
893,考虫英语,教育培训,语言学习
893,考虫英语,教育培训,高等教育
894,康爱多掌上药店,医疗健康,医药服务
895,看漫画,阅读漫画,动漫漫画
896,看看新闻,新闻资讯,综合新闻
897,凯立德导航,实用工具,地图导航
898,开源证券,金融服务,理财
899,开眼,视频直播,综合视频
899,开眼,视频直播,短视频
900,开鑫贷,金融服务,借贷
901,开心消消乐,游戏娱乐,游戏娱乐
902,开始吧,金融服务,众筹
903,开卷有益,阅读漫画,在线阅读
904,卡牛信用卡管家,借贷,第三方信用卡
905,卡卡银行,金融服务,综合金融
906,卡卡贷,金融服务,借贷
907,君康人寿,金融服务,保险
908,卷皮折扣,网络购物,优惠特卖
910,聚米众筹,金融服务,众筹
911,聚美优品,网络购物,垂直电商
912,PPTV,视频直播,综合视频
913,聚爱财Plus,金融服务,理财
914,桔子理财,金融服务,理财
915,桔子分期,金融服务,分期消费
916,就医160,医疗健康,预约挂号
917,玖融网,金融服务,借贷
918,玖富万卡,金融服务,借贷
918,玖富万卡,借贷,第三方信用卡
919,玖富普惠,金融服务,借贷
920,玖富叮当贷,金融服务,借贷
921,久融金融,金融服务,借贷
922,投资大师,金融服务,理财
923,九州天空城3D,游戏娱乐,游戏娱乐
924,九酷音乐,音乐广播,综合音乐
925,九斗鱼,金融服务,借贷
926,竞彩猫,金融服务,博彩彩票
927,经络穴位图解,医疗健康,医疗资讯
928,经济学人·商论,新闻资讯,商业资讯
929,京东阅读,阅读漫画,在线阅读
930,京东钱包,金融服务,支付工具
931,京东金融,金融服务,综合金融
932,京东股票,金融服务,理财
933,京东到家,网络购物,商超便利
934,晋商银行,金融服务,传统银行
935,晋江小说,阅读漫画,在线阅读
936,锦州银行,金融服务,传统银行
937,金银猫,金融服务,理财
938,金梧桐,金融服务,理财
939,金十数据,新闻资讯,垂直新闻
939,金十数据,新闻资讯,财经新闻
941,金山电池医生,实用工具,手机工具
942,金山词霸,实用工具,词典翻译
943,金票通,金融服务,理财
944,金开贷,金融服务,借贷
945,金海贷,金融服务,借贷
946,金斧子,金融服务,理财
947,金贝塔,金融服务,理财
948,金宝保,金融服务,理财
949,今日头条,新闻资讯,综合新闻
950,今日十大新闻,新闻资讯,综合新闻
951,今日捷财,金融服务,理财
952,借钱用贷款,金融服务,借贷
953,借钱花,金融服务,借贷
954,借乎,金融服务,借贷
955,借点钱,金融服务,借贷
956,借贷宝,金融服务,借贷
957,界面新闻,新闻资讯,商业资讯
957,界面新闻,新闻资讯,垂直新闻
958,捷信福贷,金融服务,借贷
959,捷信,金融服务,借贷
960,交银国际信托,金融服务,理财
961,交通银行信用卡买单吧,金融服务,传统银行
961,交通银行信用卡买单吧,借贷,银行信用卡
962,交通银行,金融服务,传统银行
963,交管12123,汽车服务,驾考摇号
963,交管12123,汽车服务,违章查询
964,江西银行,金融服务,传统银行
965,江苏银行,金融服务,传统银行
966,江苏移动掌上营业厅客户端,实用工具,生活工具
967,江苏江南农村商业银行,金融服务,传统银行
968,江海证券,金融服务,理财
969,健康之路,医疗健康,医疗管理
969,健康之路,医疗健康,养生保健
969,健康之路,健康美容,健康管理
970,建信基金,金融服务,理财
971,简书,通讯社交,社区论坛
972,简单借款,金融服务,借贷
973,煎蛋,新闻资讯,趣味新闻
973,煎蛋,新闻资讯,杂志
974,兼职猫,求职招聘,兼职招聘
975,兼客兼职,求职招聘,兼职招聘
976,驾校一点通,汽车服务,驾考摇号
976,驾校一点通,教育培训,继续教育
978,驾考宝典,汽车服务,驾考摇号
978,驾考宝典,教育培训,继续教育
979,嘉实基金,金融服务,理财
980,嘉华财富,金融服务,理财
982,家长帮,通讯社交,家校沟通
982,家长帮,通讯社交,社区论坛
982,家长帮,母婴亲子,母婴社区
983,家居杂志,新闻资讯,杂志
984,加油宝,汽车服务,加油油耗
985,继教通,医疗健康,医疗资讯
985,继教通,医疗健康,医疗管理
986,即有分期,金融服务,分期消费
987,即刻,阅读漫画,在线阅读
988,即科金融,金融服务,借贷
989,极元财富,金融服务,理财
990,极速现金侠,金融服务,借贷
991,吉祥航空,旅行出游,非廉价航空
992,机战王,游戏娱乐,游戏娱乐
993,饥饿鲨进化,游戏娱乐,游戏娱乐
994,货拉拉,快递物流,物流运输
995,货车帮系列,快递物流,物流运输
996,火山小视频,视频直播,短视频
997,火猫TV,视频直播,游戏直播
997,火猫TV,视频直播,垂直直播
998,火币网,金融服务,理财
999,婚礼猫,生活服务,婚庆服务
1000,婚礼纪,生活服务,婚庆服务
1001,魔袋金融,金融服务,理财
1003,惠人贷,金融服务,借贷
1004,惠今,金融服务,借贷
1007,会分期,金融服务,分期消费
1008,汇丰银行,金融服务,传统银行
1009,徽商银行,金融服务,传统银行
1010,黄油相机,图片摄影,图片编辑
1011,黄历天气,实用工具,生活工具
1012,皇室战争,游戏娱乐,游戏娱乐
1013,幻音,音乐广播,综合音乐
1015,画中画相机系列,图片摄影,照相机
1018,华住酒店,旅行出游,商务酒店
1019,华信证券,金融服务,理财
1020,华夏银行,金融服务,传统银行
1021,华夏基金,金融服务,理财
1022,华西证券,金融服务,理财
1023,华为音乐播放器,音乐广播,综合音乐
1024,华为视频,图片摄影,摄影社区
1026,华为穿戴,智能硬件,穿戴设备
1027,华泰证券,金融服务,理财
1028,华泰柏瑞基金,金融服务,理财
1029,华润信托,金融服务,理财
1030,华融证券,金融服务,理财
1031,华融湘江银行,金融服务,传统银行
1032,华人捕鱼3D,游戏娱乐,游戏娱乐
1033,华龙证券,金融服务,理财
1034,华林证券,金融服务,理财
1035,华金同花顺,金融服务,理财
1036,华福证券,金融服务,理财
1037,华尔街见闻,新闻资讯,财经新闻
1037,华尔街见闻,新闻资讯,垂直新闻
1038,华创证券,金融服务,理财
1039,华宝兴业基金,金融服务,理财
1040,华安证券,金融服务,理财
1041,花无缺,金融服务,借贷
1042,花田交友,通讯社交,婚恋社交
1043,花生日记,网络购物,网购导流
1044,花生地铁WiFi—畅享地铁官方无线网络,实用工具,生活工具
1045,花旗银行,金融服务,传统银行
1046,花椒直播,视频直播,垂直直播
1047,花粉俱乐部,通讯社交,社区论坛
1048,花粉儿,网络购物,二手交易
1048,花粉儿,网络购物,综合电商
1049,花点借款,金融服务,借贷
1051,花瓣,通讯社交,社区论坛
1052,沪江开心词场,教育培训,语言学习
1053,护眼宝,健康美容,健康管理
1054,互动作业,教育培训,K12教育
1056,葫芦侠我的世界,游戏娱乐,游戏攻略
1058,葫芦侠,游戏娱乐,游戏攻略
1059,厚本,金融服务,综合金融
1060,后河财富,金融服务,借贷
1062,红袖添香,阅读漫画,在线阅读
1063,红岭创投,金融服务,借贷
1064,kilakila,通讯社交,社区论坛
1067,恒易贷,金融服务,借贷
1068,恒信易贷,金融服务,借贷
1069,恒天财富,金融服务,理财
1070,恒泰证券头派账户,金融服务,理财
1071,恒丰银行,金融服务,传统银行
1072,恒昌,金融服务,借贷
1073,嗨住租房,房产租售,房产租赁
1074,嗨钱网,金融服务,借贷
1075,河北银行,金融服务,传统银行
1076,和讯股吧,金融服务,理财
1077,和信借款,金融服务,借贷
1078,和信贷,金融服务,借贷
1079,和我信,实用工具,生活工具
1080,和通讯录,实用工具,手机工具
1081,和地图,实用工具,地图导航
1082,合时代,金融服务,借贷
1083,合拍在线,金融服务,借贷
1084,合力贷,金融服务,借贷
1085,小禾医助,医疗健康,医疗管理
1086,禾连健康,健康美容,运动健身
1086,禾连健康,医疗健康,医疗管理
1087,号码百事通,实用工具,手机工具
1088,号簿助手,实用工具,手机工具
1089,好享瘦,健康美容,运动健身
1089,好享瘦,健康美容,减肥瘦身
1090,好玩友,通讯社交,匿名社交
1090,好玩友,通讯社交,社区论坛
1091,好奇心日报,新闻资讯,综合新闻
1092,好买财富,金融服务,理财
1093,好好住,房产租售,家居家装
1094,好豆菜谱,餐饮娱乐,美食菜谱
1095,好大夫在线,医疗健康,问诊咨询
1096,好车e贷,金融服务,分期消费
1097,好爸妈点读机,教育培训,K12教育
1098,航旅纵横,旅行出游,行程管理
1099,航班管家,旅行出游,行程管理
1099,航班管家,旅行出游,综合预定
1100,杭州银行,金融服务,传统银行
1101,行车卫士,汽车服务,行车辅助
1102,汉口银行,金融服务,传统银行
1103,汉金所,金融服务,理财
1106,韩剧tv,视频直播,垂直视频
1107,掌上海银,金融服务,理财
1108,海通证券,金融服务,理财
1109,海融易,金融服务,综合金融
1110,海南航空,旅行出游,非廉价航空
1111,海航会,旅行出游,综合预定
1111,海航会,旅行出游,非廉价航空
1112,海岛奇兵,游戏娱乐,游戏娱乐
1113,孩子王,通讯社交,社区论坛
1113,孩子王,网络购物,垂直电商
1113,孩子王,母婴亲子,母婴购物
1114,还款宝,金融服务,借贷
1116,还呗,金融服务,借贷
1118,哈罗单车,通勤出行,共享单车
1119,哈尔滨银行,金融服务,传统银行
1120,过日子,健康美容,健康管理
1121,果壳精选,新闻资讯,趣味新闻
1121,果壳精选,通讯社交,知识百科
1121,果壳精选,新闻资讯,垂直新闻
1122,国信证券,金融服务,理财
1123,国泰君安,金融服务,理财
1124,国泰基金,金融服务,理财
1125,国寿集团,金融服务,保险
1126,国盛证券,金融服务,理财
1127,国融证券,金融服务,理财
1128,国美在线,网络购物,综合电商
1129,国联证券,金融服务,理财
1130,国开证券,金融服务,理财
1131,国家地理,图片摄影,摄影社区
1131,国家地理,新闻资讯,科学文化
1132,国华人寿,金融服务,保险
1133,国海金探号,金融服务,理财
1134,桂林银行,金融服务,传统银行
1135,贵阳银行,金融服务,传统银行
1136,广州农村商业银行,金融服务,传统银行
1137,广州e贷,金融服务,借贷
1139,广银信用卡,金融服务,传统银行
1139,广银信用卡,借贷,银行信用卡
1140,广信贷,金融服务,借贷
1141,广西北部湾银行,金融服务,传统银行
1142,广发证券,金融服务,理财
1143,广发银行信用卡发现精彩——开启信用消费新生活,金融服务,传统银行
1143,广发银行信用卡发现精彩——开启信用消费新生活,借贷,银行信用卡
1145,广发基金,金融服务,理财
1146,广东移动手机营业厅,实用工具,生活工具
1147,广东顺德农村商业银行,金融服务,传统银行
1148,广东南粤银行,金融服务,传统银行
1149,广东华兴银行,金融服务,传统银行
1150,光环助手,游戏娱乐,游戏攻略
1151,光大证券,金融服务,理财
1152,光大银行阳光惠生活,金融服务,传统银行
1152,光大银行阳光惠生活,借贷,银行信用卡
1153,光大银行,金融服务,传统银行
1154,观察者,通讯社交,社区论坛
1154,观察者,新闻资讯,综合新闻
1155,瓜子二手车,汽车服务,汽车买卖
1156,瓜牛钱包,金融服务,借贷
1157,古诗词典,教育培训,K12教育
1157,古诗词典,实用工具,词典翻译
1158,咕咚,通讯社交,社区论坛
1158,咕咚,健康美容,运动健身
1158,咕咚,智能硬件,穿戴设备
1159,狗仔直播,视频直播,综合直播
1160,功夫贷,金融服务,借贷
1161,公牛炒股,金融服务,理财
1162,工银瑞信基金,金融服务,理财
1163,工银融e联,金融服务,传统银行
1164,给你花,金融服务,借贷
1166,格瓦拉电影,餐饮娱乐,娱乐票务
1167,格上理财,金融服务,理财
1168,格林豪泰,旅行出游,商务酒店
1169,高校贷,金融服务,借贷
1170,高铁管家,旅行出游,火车高铁
1171,高德地图,实用工具,地图导航
1172,钢琴块2,游戏娱乐,游戏娱乐
1173,钢琴大师,游戏娱乐,游戏娱乐
1174,赣州银行,金融服务,传统银行
1175,赶集生活,实用工具,分类信息
1176,富国基金,金融服务,理财
1177,富滇银行,金融服务,传统银行
1178,阜新银行,金融服务,传统银行
1179,付壹代,金融服务,借贷
1180,付融宝,金融服务,理财
1181,福建海峡银行,金融服务,传统银行
1182,凤凰新闻,新闻资讯,综合新闻
1183,凤凰视频,视频直播,综合视频
1184,凤凰金融,金融服务,综合金融
1185,凤凰FM,音乐广播,在线电台
1187,风云直播,视频直播,综合直播
1188,风行视频,视频直播,综合视频
1189,分期游,金融服务,分期消费
1190,分期乐,金融服务,分期消费
1191,分期管家,金融服务,综合金融
1192,分期呗,金融服务,分期消费
1193,飞猪,旅行出游,综合预定
1194,和飞信,通讯社交,即时通讯
1195,飞卢小说,阅读漫画,在线阅读
1196,飞凡,餐饮娱乐,点评推荐
1196,飞凡,餐饮娱乐,娱乐票务
1196,飞凡,网络购物,综合电商
1197,飞贷,金融服务,借贷
1199,飞常准,旅行出游,行程管理
1200,房天下,房产租售,综合租售
1201,房速贷,房产租售,房产金融
1201,房速贷,金融服务,借贷
1202,房多多,房产租售,综合租售
1203,方正证券,金融服务,理财
1204,饭本,餐饮娱乐,美食菜谱
1204,饭本,餐饮娱乐,点评推荐
1205,返利网,网络购物,网购导流
1206,繁星直播,视频直播,综合直播
1207,樊登读书会,通讯社交,社区论坛
1207,樊登读书会,阅读漫画,在线阅读
1208,法语助手Frhelper,教育培训,语言学习
1209,发型屋,健康美容,美容美妆
1210,发型设计与脸型搭配方法,健康美容,美容美妆
1211,发薪贷,金融服务,借贷
1212,二手车之家,汽车服务,汽车买卖
1213,儿歌多多,教育培训,早教辅导
1214,儿歌点点,教育培训,早教辅导
1215,饿了么,餐饮娱乐,外卖订餐
1216,多玩我的世界盒子,通讯社交,社区论坛
1216,多玩我的世界盒子,游戏娱乐,游戏攻略
1217,多米音乐,音乐广播,综合音乐
1218,多看阅读,阅读漫画,在线阅读
1219,多点,网络购物,商超便利
1220,多彩投,金融服务,众筹
1221,堆糖,通讯社交,社区论坛
1221,堆糖,网络购物,网购导流
1222,锋阅网系列,新闻资讯,杂志
1222,锋阅网系列,新闻资讯,科学文化
1223,读秒钱包,金融服务,借贷
1224,毒,网络购物,嘻哈潮牌
1225,嘟嘟巴士,通勤出行,拼车
1226,逗拍,通讯社交,社区论坛
1226,逗拍,视频直播,短视频
1226,逗拍,图片摄影,影像剪辑
1227,豆果美食,餐饮娱乐,美食菜谱
1228,豆豆钱,金融服务,借贷
1229,豆瓣电影,新闻资讯,影视娱乐
1229,豆瓣电影,餐饮娱乐,娱乐票务
1230,豆瓣FM,音乐广播,在线电台
1231,豆瓣,通讯社交,社区论坛
1232,斗鱼直播,视频直播,游戏直播
1232,斗鱼直播,视频直播,垂直直播
1233,斗米,求职招聘,招聘求职
1234,抖音短视频,视频直播,短视频
1236,动漫之家,阅读漫画,动漫漫画
1237,动动计步器,健康美容,运动健身
1237,动动计步器,智能硬件,穿戴设备
1238,懂球帝,新闻资讯,体育资讯
1238,懂球帝,新闻资讯,垂直新闻
1239,咚漫,阅读漫画,动漫漫画
1240,东亚银行,金融服务,传统银行
1241,东兴证券,金融服务,理财
1242,东吴秀财,金融服务,理财
1243,东航金融,金融服务,理财
1244,东海证券,金融服务,理财
1245,东莞证券,金融服务,理财
1246,东莞银行,金融服务,传统银行
1247,东方头条,新闻资讯,综合新闻
1248,东方航空,旅行出游,非廉价航空
1250,东方财富,金融服务,理财
1251,东北证券,金融服务,理财
1252,钉钉,通讯社交,职场社交
1252,钉钉,通讯社交,即时通讯
1253,丁香园,医疗健康,医疗资讯
1254,丁香医生,医疗健康,问诊咨询
1255,丁丁金服,金融服务,借贷
1256,电信营业厅,实用工具,生活工具
1257,电视猫,视频直播,电视视频
1258,电视家直播,视频直播,电视视频
1259,电话手表,智能硬件,穿戴设备
1260,点呀点,网络购物,水果生鲜
1261,点视,视频直播,短视频
1263,点融投资,金融服务,借贷
1264,点米社保通,求职招聘,社保缴费
1265,点分期,金融服务,分期消费
1266,第一弹,阅读漫画,动漫漫画
1267,一创智富通,金融服务,理财
1268,第一财经周刊,新闻资讯,杂志
1268,第一财经周刊,新闻资讯,财经新闻
1269,第一财经,新闻资讯,财经新闻
1269,第一财经,新闻资讯,垂直新闻
1270,第1体育,视频直播,体育直播
1270,第1体育,视频直播,垂直直播
1271,地铁跑酷,游戏娱乐,游戏娱乐
1274,滴滴出行,通勤出行,打车
1275,滴滴车主,通勤出行,打车
1276,嘀嗒拼车,通勤出行,拼车
1278,登山赛车,游戏娱乐,游戏娱乐
1279,德众金融,金融服务,借贷
1280,德邦证券高端版,金融服务,理财
1281,得到,通讯社交,知识百科
1281,得到,新闻资讯,综合新闻
1282,到喜啦,生活服务,婚庆服务
1283,当乐,实用工具,应用商店
1284,当当,网络购物,综合电商
1285,当贝市场,实用工具,应用商店
1286,蛋卷基金,金融服务,理财
1287,弹个车,汽车服务,汽车买卖
1290,单机斗地主（途游送话费）,游戏娱乐,游戏娱乐
1291,单读,新闻资讯,科学文化
1291,单读,新闻资讯,杂志
1291,单读,阅读漫画,在线阅读
1292,大众点评,餐饮娱乐,优惠团购
1292,大众点评,餐饮娱乐,点评推荐
1293,大智慧,金融服务,理财
1293,大智慧,新闻资讯,财经新闻
1293,大智慧,新闻资讯,垂直新闻
1294,大姨吗,健康美容,健康管理
1295,大小贷,金融服务,借贷
1296,大象保险,金融服务,保险
1297,糖罐儿,金融服务,理财
1298,大麦,餐饮娱乐,娱乐票务
1299,大街,求职招聘,职场社交
1299,大街,求职招聘,招聘求职
1300,大家中医,医疗健康,养生保健
1300,大家中医,健康美容,健康管理
1301,大成基金,金融服务,理财
1302,达令全球好货,网络购物,跨境海淘
1303,达飞云贷,金融服务,借贷
1305,达达,快递物流,快递服务
1306,嗒嗒巴士,通勤出行,拼车
1307,春雨医生,医疗健康,问诊咨询
1308,春雨计步器,健康美容,运动健身
1310,春秋航空,旅行出游,廉价航空
1311,创业邦,新闻资讯,垂直新闻
1312,触手TV,视频直播,游戏直播
1312,触手TV,视频直播,垂直直播
1314,触宝电话,通讯社交,即时通讯
1314,触宝电话,实用工具,手机工具
1315,楚楚街,网络购物,综合电商
1315,楚楚街,网络购物,优惠特卖
1316,厨房故事,餐饮娱乐,美食菜谱
1317,初页,通讯社交,社区论坛
1318,虫虫助手,游戏娱乐,游戏攻略
1319,冲浪快讯,新闻资讯,综合新闻
1320,赤兔,求职招聘,职场社交
1321,橙子VR,视频直播,VR视频
1322,城城理财,金融服务,借贷
1323,成都银行,金融服务,传统银行
1324,成都农村商业银行,金融服务,传统银行
1325,车主无忧,汽车服务,汽车买卖
1325,车主无忧,汽车服务,违章查询
1325,车主无忧,汽车服务,汽车养护
1326,车轮考驾照,汽车服务,驾考摇号
1326,车轮考驾照,教育培训,继续教育
1327,车轮查违章,汽车服务,违章查询
1328,车来了,通勤出行,公共交通
1329,车来车网,汽车服务,汽车买卖
1330,车国,金融服务,分期消费
1331,潮自拍,图片摄影,图片编辑
1332,超星学习通,阅读漫画,在线阅读
1333,超级圆桌,金融服务,保险
1334,超级视频,视频直播,综合视频
1335,超级课程表,实用工具,办公工具
1337,唱吧,音乐广播,在线K歌
1338,畅读书城,阅读漫画,在线阅读
1339,畅读,阅读漫画,在线阅读
1339,畅读,新闻资讯,综合新闻
1340,查社保,求职招聘,社保缴费
1341,叉叉助手,游戏娱乐,游戏攻略
1342,菜谱大全,餐饮娱乐,美食菜谱
1343,彩之云,房产租售,房产运营
1343,彩之云,房产租售,房产开发
1343,彩之云,生活服务,家政服务
1344,彩视,视频直播,短视频
1345,财鱼管家,金融服务,记账
1346,财新周刊,新闻资讯,财经新闻
1347,财通证券,金融服务,理财
1348,财富证券,金融服务,理财
1349,财富星球,金融服务,理财
1350,财达证券,金融服务,理财
1351,才到云,求职招聘,人事管理
1352,布卡漫画,阅读漫画,动漫漫画
1353,布丁小贷,金融服务,借贷
1354,布丁酒店,旅行出游,商务酒店
1355,布丁动画,视频直播,垂直视频
1356,捕鱼大满贯,游戏娱乐,游戏娱乐
1357,渤海银行,金融服务,传统银行
1358,渤海信托,金融服务,理财
1359,博时基金,金融服务,理财
1360,博金贷,金融服务,借贷
1361,铂涛旅行,旅行出游,商务酒店
1362,宾果消消消,游戏娱乐,游戏娱乐
1364,别痛风,医疗健康,养生保健
1365,壁纸多多,实用工具,壁纸主题
1366,碧桂园售楼,房产租售,房产买卖
1366,碧桂园售楼,房产租售,房产开发
1367,哔哩哔哩动画,视频直播,综合视频
1369,必胜客PizzaHut,餐饮娱乐,外卖订餐
1370,崩坏学园2（神格觉醒）,游戏娱乐,游戏娱乐
1371,贝瓦儿歌,教育培训,早教辅导
1371,贝瓦儿歌,阅读漫画,少儿读物
1372,贝才,金融服务,借贷
1373,贝贝(母婴特卖),网络购物,垂直电商
1373,贝贝(母婴特卖),母婴亲子,母婴购物
1374,北银消费金融,金融服务,借贷
1375,北京银行掌上京彩,金融服务,传统银行
1375,北京银行掌上京彩,借贷,银行信用卡
1376,北京农村商业银行,金融服务,传统银行
1377,北京交警,汽车服务,行车辅助
1378,爆品惠,网络购物,网购导流
1379,爆米花视频,视频直播,短视频
1379,爆米花视频,视频直播,综合直播
1380,暴走日报,新闻资讯,趣味新闻
1381,暴走漫画,通讯社交,社区论坛
1381,暴走漫画,阅读漫画,动漫漫画
1382,暴风影音,视频直播,综合视频
1383,抱财网,金融服务,理财
1384,抱抱直播,视频直播,综合直播
1385,保卫萝卜1,游戏娱乐,游戏娱乐
1386,保保网,教育培训,继续教育
1387,宝贝听听(故事儿歌动画睡前童话),教育培训,早教辅导
1387,宝贝听听(故事儿歌动画睡前童话),阅读漫画,少儿读物
1388,宝宝巴士系列,幼儿园,幼儿园教育
1388,宝宝巴士系列,幼儿园,幼儿园游戏
1388,宝宝巴士系列,教育培训,早教辅导
1396,宝宝树孕育,母婴亲子,母婴购物
1396,宝宝树孕育,母婴亲子,母婴社区
1396,宝宝树孕育,母婴亲子,母婴工具
1398,宝宝辅食大全,母婴亲子,母婴健康
1462,薄荷,健康美容,运动健身
1462,薄荷,健康美容,减肥瘦身
1462,薄荷,健康美容,健康管理
1463,邦帮堂,金融服务,借贷
1464,佰仟金融,金融服务,分期消费
1465,百姓网,实用工具,分类信息
1466,百思不得姐,通讯社交,社区论坛
1466,百思不得姐,新闻资讯,趣味新闻
1467,百合婚恋,通讯社交,婚恋社交
1468,百度知道,通讯社交,知识百科
1470,百度阅读,阅读漫画,在线阅读
1471,百度新闻,新闻资讯,综合新闻
1472,百度文库,实用工具,办公工具
1473,百度网盘,实用工具,办公工具
1474,百度外卖,餐饮娱乐,外卖订餐
1475,百度贴吧,通讯社交,社区论坛
1476,百度输入法,实用工具,手机工具
1478,百度手机卫士,实用工具,手机工具
1479,百度视频,视频直播,综合视频
1480,百度钱包,金融服务,支付工具
1482,百度糯米,餐饮娱乐,点评推荐
1482,百度糯米,餐饮娱乐,优惠团购
1483,百度魔图,图片摄影,图片编辑
1484,百度浏览器,实用工具,手机工具
1485,百度理财,金融服务,理财
1486,百度股市通,金融服务,理财
1487,百度翻译,实用工具,词典翻译
1488,百度地图,实用工具,地图导航
1489,百度宝宝知道,母婴亲子,母婴健康
1490,hao123上网导航,实用工具,手机工具
1491,百词斩,教育培训,语言学习
1492,百变马丁之我是英雄,游戏娱乐,游戏娱乐
1493,芭莎in－最时尚的朋友圈,新闻资讯,杂志
1495,安卓读书,阅读漫画,在线阅读
1496,安卓壁纸,实用工具,壁纸主题
1497,安智市场,实用工具,应用商店
1498,安盈理财师,金融服务,理财
1499,安信证券,金融服务,理财
1500,安心贷,金融服务,借贷
1501,安兔兔评测,实用工具,手机工具
1502,安全浏览器,实用工具,手机工具
1503,安全教育平台,通讯社交,家校沟通
1504,安居客,房产租售,房产买卖
1504,安居客,房产租售,房产租赁
1504,安居客,房产租售,房产运营
1504,安居客,房产租售,综合租售
1505,安家派,金融服务,借贷
1506,安徽移动,实用工具,生活工具
1507,掌上安邦,金融服务,保险
1508,爱阅读,阅读漫画,在线阅读
1509,爱又米,金融服务,借贷
1510,爱游戏,游戏娱乐,游戏娱乐
1511,爱鲜蜂,网络购物,水果生鲜
1511,爱鲜蜂,网络购物,商超便利
1512,爱投资,金融服务,理财
1513,爱听4G,音乐广播,综合音乐
1514,爱情介绍所,通讯社交,婚恋社交
1515,爱钱帮,金融服务,理财
1516,爱奇艺头条,新闻资讯,综合新闻
1519,爱奇艺视频,视频直播,综合视频
1520,爱拍,视频直播,垂直视频
1520,爱拍,图片摄影,影像剪辑
1521,爱口袋,通讯社交,职场社交
1522,爱康,医疗健康,预约挂号
1523,爱建证券,金融服务,理财
1524,爱基金网,金融服务,理财
1525,爱豆IDOL,新闻资讯,影视娱乐
1525,爱豆IDOL,通讯社交,社区论坛
1526,爱动漫,阅读漫画,动漫漫画
1527,爱贷网,金融服务,借贷
1528,爱代驾,通勤出行,代驾
1529,爱唱,音乐广播,在线K歌
1530,阿朋贷,金融服务,借贷
1531,阿里巴巴,网络购物,综合电商
1532,阿基米德FM,音乐广播,在线电台
1533,阿凡题,教育培训,K12教育
1534,クックパッド,餐饮娱乐,美食菜谱
1535,ZAKER,新闻资讯,杂志
1536,YY,视频直播,综合直播
1538,Wradio,音乐广播,在线电台
1539,WineRatings+byWineSpectator,餐饮娱乐,点评推荐
1540,WIFI钥匙管家,实用工具,生活工具
1541,WiFi万能密码,实用工具,生活工具
1543,WiFi连网神器,实用工具,生活工具
1544,WiFi伴侣,实用工具,生活工具
1545,WhatsApp Messenge,通讯社交,即时通讯
1546,Wecut,图片摄影,图片编辑
1547,VSCO,图片摄影,图片编辑
1548,V380,智能硬件,智能安防
1549,U族,金融服务,借贷
1550,UC浏览器,实用工具,手机工具
1551,Uber,通勤出行,打车
1552,TubeMate视频下载器,视频直播,综合视频
1553,TripAdvisor,旅行出游,综合预定
1554,Tinder,通讯社交,匿名社交
1555,Timi记账,金融服务,记账
1558,TheEconomist:News&Culture,新闻资讯,杂志
1558,TheEconomist:News&Culture,新闻资讯,财经新闻
1559,TapTap,游戏娱乐,游戏攻略
1560,Sweat:KaylaItsines健身运动,健康美容,运动健身
1562,Shazam音乐神搜,音乐广播,音乐工具
1564,ScientificAmerican,新闻资讯,杂志
1564,ScientificAmerican,新闻资讯,科学文化
1565,same,通讯社交,社区论坛
1566,Q房网,房产租售,综合租售
1567,QQ阅读,阅读漫画,在线阅读
1568,QQ邮箱,实用工具,办公工具
1569,QQ音乐,音乐广播,综合音乐
1571,QQ空间,通讯社交,社区论坛
1572,QQ安全中心,实用工具,手机工具
1573,QQ,通讯社交,即时通讯
1574,PP助手,实用工具,应用商店
1577,PPmoney,金融服务,借贷
1578,PopStar消灭星星中文版,游戏娱乐,游戏娱乐
1579,poco相机,图片摄影,照相机
1579,poco相机,图片摄影,图片编辑
1580,Pinterest,通讯社交,社区论坛
1581,PicsArt照片艺术家,图片摄影,图片编辑
1582,ONE·一个,阅读漫画,在线阅读
1583,OFO共享单车,通勤出行,共享单车
1584,NOW直播,视频直播,综合直播
1585,nice好赞,通讯社交,社区论坛
1586,Net360,通讯社交,社区论坛
1588,MyFitnessPal,健康美容,减肥瘦身
1589,MONO,通讯社交,社区论坛
1589,MONO,阅读漫画,在线阅读
1591,MoboPlayer,视频直播,播放器
1592,MM商场,实用工具,应用商店
1593,Mix,图片摄影,图片编辑
1594,MIUI音乐,音乐广播,综合音乐
1595,MIUI天气,实用工具,生活工具
1596,MissEvan,音乐广播,在线电台
1597,Microsoft,实用工具,办公工具
1599,Merriam,实用工具,词典翻译
1600,MC地图皮肤for我的世界,游戏娱乐,游戏攻略
1601,MARVEL蜘蛛侠：极限,游戏娱乐,游戏娱乐
1602,MAKA,实用工具,办公工具
1603,MagicPiano,游戏娱乐,游戏娱乐
1604,LOFTER,通讯社交,微博博客
1605,LinkedIn,求职招聘,职场社交
1605,LinkedIn,通讯社交,职场社交
1606,LINE相机,通讯社交,即时通讯
1607,LEGO®Citygame,游戏娱乐,游戏娱乐
1608,LBE安全大师,实用工具,手机工具
1609,K米,音乐广播,在线K歌
1610,KK拼车,通勤出行,拼车
1611,KKBOX,音乐广播,综合音乐
1612,KikaKeyboard键盘,实用工具,手机工具
1613,Keep,通讯社交,健身社区
1613,Keep,健康美容,运动健身
1614,JJ斗地主,游戏娱乐,游戏娱乐
1615,i人事,求职招聘,人事管理
1616,iLA桌面,实用工具,壁纸主题
1617,IHG优悦会,旅行出游,商务酒店
1618,HOT男人杂志版,新闻资讯,男性时尚
1619,Hi实习,求职招聘,实习招聘
1620,HelloKitty梦幻咖啡厅,游戏娱乐,游戏娱乐
1621,HeHa,通讯社交,健身社区
1621,HeHa,健康美容,健康管理
1621,HeHa,智能硬件,健康监测
1622,GO桌面,实用工具,壁纸主题
1625,Gofun出行,通勤出行,租车
1626,FXDD,金融服务,理财
1627,FT中文网,新闻资讯,财经新闻
1627,FT中文网,新闻资讯,报纸
1628,Fotor,图片摄影,图片编辑
1629,Flipboard(中国版),新闻资讯,综合新闻
1629,Flipboard(中国版),新闻资讯,杂志
1630,Flightradar24|航班追踪,旅行出游,行程管理
1631,Flash!,新闻资讯,垂直新闻
1632,FitTimePro,健康美容,运动健身
1633,Faceu激萌,图片摄影,照相机
1635,e路同心,金融服务,借贷
1636,e袋洗,生活服务,家政服务
1638,e代驾,通勤出行,代驾
1639,echo回声,通讯社交,社区论坛
1639,echo回声,音乐广播,综合音乐
1640,daydao,求职招聘,人事管理
1641,CMC,金融服务,理财
1641,CMC,理财,外汇
1642,CIBN高清影视,视频直播,综合视频
1644,CC直播,视频直播,游戏直播
1644,CC直播,视频直播,垂直直播
1645,BusyShapes&Colors,教育培训,早教辅导
1646,Boss直聘,通讯社交,职场社交
1646,Boss直聘,求职招聘,招聘求职
1647,BoomPlayer,音乐广播,综合音乐
1648,Booking.com缤客,旅行出游,综合预定
1649,Blued,通讯社交,LGBT社交
1651,B612咔叽,图片摄影,图片编辑
1651,B612咔叽,图片摄影,照相机
1652,Arrow.io,游戏娱乐,游戏娱乐
1653,Apollo音乐播放器,音乐广播,综合音乐
1654,AngryBirds,游戏娱乐,游戏娱乐
1655,魔秀桌面,实用工具,壁纸主题
1657,Airbnb,旅行出游,民宿短租
1658,Agoda安可达,旅行出游,综合预定
1659,Adobe,实用工具,办公工具
1660,AcFun,视频直播,垂直视频
1661,ABCmouse国际英语学堂,教育培训,语言学习
1662,A8体育直播,视频直播,体育直播
1662,A8体育直播,视频直播,垂直直播
1663,99广场舞,视频直播,垂直视频
1664,99贷,金融服务,借贷
1665,95美女秀,视频直播,垂直直播
1666,91旺财,金融服务,理财
1667,9158美女直播,视频直播,垂直直播
1668,8684公交,通勤出行,公共交通
1669,7723游戏盒,游戏娱乐,游戏攻略
1670,招才猫直聘,求职招聘,校园招聘
1670,招才猫直聘,求职招聘,招聘求职
1671,58月付,房产租售,房产租赁
1672,58同城,实用工具,分类信息
1673,58速运,快递物流,快递服务
1673,58速运,生活服务,家政服务
1675,58到家,生活服务,家政服务
1677,51信用卡管家,金融服务,综合金融
1677,51信用卡管家,借贷,第三方信用卡
1678,51万年历,实用工具,生活工具
1679,51人品,金融服务,理财
1681,51帮学,金融服务,借贷
1682,51offer,教育培训,出国留学
1683,4399游戏盒,游戏娱乐,游戏攻略
1684,4399群组,通讯社交,社区论坛
1685,3DBody解剖,医疗健康,医疗资讯
1686,39就医助手,医疗健康,预约挂号
1687,36氪,新闻资讯,综合新闻
1688,365易贷,金融服务,理财
1689,365日历万年历农历,实用工具,生活工具
1690,360智能摄像机,图片摄影,照相机
1690,360智能摄像机,智能硬件,智能安防
1691,360云盘,实用工具,办公工具
1692,360影视大全,视频直播,综合视频
1693,360天气,实用工具,生活工具
1694,360手机助手,实用工具,应用商店
1695,360清理大师,实用工具,手机工具
1696,360企业云盘,实用工具,办公工具
1697,360免费WiFi,实用工具,生活工具
1698,360浏览器,实用工具,手机工具
1699,360借条,金融服务,借贷
1700,2号人事部,求职招聘,人事管理
1701,2345天气预报,实用工具,生活工具
1702,2345手机助手,实用工具,应用商店
1703,2345手机浏览器,实用工具,手机工具
1704,2345贷款王,金融服务,借贷
1705,2017教师资格考试,教育培训,继续教育
1706,1药网,网络购物,垂直电商
1706,1药网,医疗健康,医药服务
1707,1号店,网络购物,综合电商
1708,189邮箱,实用工具,办公工具
1709,17k小说网,阅读漫画,在线阅读
1710,17173手游,游戏娱乐,游戏攻略
1711,139邮箱手机客户端,实用工具,办公工具
1712,115，一生相伴,实用工具,办公工具
1713,114美食,餐饮娱乐,点评推荐
1715,《国家地理》,新闻资讯,科学文化
1716,趣头条,新闻资讯,综合新闻
1717,别踩白块儿2,游戏娱乐,游戏娱乐
1718,游戏大厅,实用工具,应用商店
1719,搜狗市场,实用工具,应用商店
1720,搜狗阅读,阅读漫画,在线阅读
1721,消灭星星3,游戏娱乐,游戏娱乐
1722,河南移动手机营业厅,实用工具,生活工具
1723,火柴人联盟,游戏娱乐,游戏娱乐
1725,神偷奶爸小黄人快跑果酱工厂版,游戏娱乐,游戏娱乐
1726,欢乐狼人杀,游戏娱乐,游戏娱乐
1727,企鹅电竞,视频直播,游戏直播
1727,企鹅电竞,视频直播,垂直直播
1730,僵尸榨汁机,游戏娱乐,游戏娱乐
1731,酷米客实时公交,通勤出行,公共交通
1733,手机QQ影音,视频直播,播放器
1734,萌兽世界2,游戏娱乐,游戏娱乐
1736,捕鱼达人2,游戏娱乐,游戏娱乐
1737,快乐点点消,游戏娱乐,游戏娱乐
1738,拳皇97,游戏娱乐,游戏娱乐
1739,电玩捕鱼大富豪,游戏娱乐,游戏娱乐
1740,消星星2016,游戏娱乐,游戏娱乐
1742,锦江之星,旅行出游,经济酒店
1743,妈妈聊天赚米,母婴亲子,母婴购物
1743,妈妈聊天赚米,母婴亲子,母婴健康
1743,妈妈聊天赚米,母婴亲子,母婴社区
1744,折扇,网络购物,艺术收藏
1745,先锋影音,视频直播,播放器
1746,VUE,视频直播,短视频
1747,手机GPS追踪器,实用工具,生活工具
1748,哈佛商业评论,新闻资讯,商业资讯
1749,Runtastic系列,健康美容,运动健身
1751,移动公证通话录音,实用工具,办公工具
1752,iTranslateConverse语音翻译,实用工具,生活工具
1753,即时心率检测,健康美容,健康管理
1754,NetSpeed,实用工具,生活工具
1755,网易系游戏,游戏娱乐,游戏娱乐
1756,腾讯系游戏,游戏娱乐,游戏娱乐
1758,头条视频,视频直播,综合视频
1759,京东,网络购物,综合电商
1760,华为游戏中心,实用工具,应用商店
1761,搜狐视频,视频直播,综合视频
1763,链家,房产租售,综合租售
1764,九游,实用工具,应用商店
1765,易车,汽车服务,汽车资讯
1766,猿题库,教育培训,K12教育
1767,艺龙旅行,旅行出游,综合预定
1768,宜信财富,金融服务,理财
1769,有缘网,通讯社交,婚恋社交
1770,爱钱进,金融服务,理财
1772,妈妈网,通讯社交,社区论坛
1772,妈妈网,母婴亲子,母婴购物
1772,妈妈网,母婴亲子,母婴社区
1776,虎扑,新闻资讯,体育资讯
1776,虎扑,通讯社交,健身社区
1778,和讯理财客,金融服务,理财
1779,积木盒子,金融服务,理财
1780,小赢理财,金融服务,理财
1781,挖财宝,金融服务,理财
1782,拿铁理财,金融服务,理财
1783,中信银行,金融服务,传统银行
1784,广发银行,金融服务,传统银行
1785,汽车之家,汽车服务,汽车资讯
1785,汽车之家,新闻资讯,垂直新闻
1786,WiFi万能钥匙,实用工具,生活工具
1787,酷我音乐播放器,音乐广播,综合音乐
1788,虎牙直播,视频直播,游戏直播
1788,虎牙直播,视频直播,垂直直播
1789,典典养车,汽车服务,汽车养护
1790,更美,健康美容,美容美妆
1791,新氧,健康美容,美容美妆
1791,新氧,通讯社交,社区论坛
1792,华韩,健康美容,美容美妆
1793,南京华韩,健康美容,美容美妆
1794,悦美,健康美容,美容美妆
1795,南京华美,健康美容,美容美妆
1796,车e族,汽车服务,汽车养护
1797,360行车记录仪,汽车服务,行车辅助
1798,经济日报,新闻资讯,报纸
1799,中关村在线,新闻资讯,垂直新闻
1800,节操精选,新闻资讯,趣味新闻
1801,IDEAT理想家,新闻资讯,杂志
1802,优实习,求职招聘,实习招聘
1806,小米商城,网络购物,垂直电商
1807,YohoBuy有货,网络购物,垂直电商
1809,明星衣橱,网络购物,网购导流
1810,永乐票务,餐饮娱乐,娱乐票务
1811,360卫士,实用工具,手机工具
1812,腾讯手机管家,实用工具,手机工具
1813,WPS Office,实用工具,办公工具
1814,永安行,通勤出行,共享单车
1815,网易云课堂,教育培训,继续教育
1816,慕课网,教育培训,继续教育
1817,口碑,餐饮娱乐,外卖订餐
1818,YHOUSE,餐饮娱乐,外卖订餐
1819,K歌达人,音乐广播,在线K歌
1820,S 健康,健康美容,运动健身
1822,爱辽宁,实用工具,分类信息
1823,和生活,实用工具,分类信息
1824,智联卓聘,求职招聘,招聘求职
1825,点我达骑手,快递物流,快递服务
1825,点我达骑手,实用工具,生活工具
1826,惠配通,快递物流,物流运输
1829,中海E家,房产租售,房产运营
1830,网易火车票,旅行出游,火车高铁
1831,顺丰优选,网络购物,综合电商
1832,火柴盒,阅读漫画,在线阅读
1833,平行世界,通讯社交,匿名社交
1833,平行世界,通讯社交,社区论坛
1834,时光手账,通讯社交,微博博客
1835,口袋兼职,求职招聘,兼职招聘
1836,玩美彩妆,健康美容,美容美妆
1837,极目启行,汽车服务,行车辅助
1838,驾车助理,汽车服务,行车辅助
1839,查悦社保,求职招聘,社保缴费
1840,叮叮短租,旅行出游,民宿短租
1842,twinkle,通讯社交,匿名社交
1843,随喵,通讯社交,匿名社交
1844,顺风车,通勤出行,拼车
1845,凹凸租车,通勤出行,租车
1846,瑞卡租车,通勤出行,租车
1847,悟空租车,通勤出行,租车
1848,闪送,快递物流,快递服务
1849,奢家,网络购物,奢侈品
1850,爱丁猫,网络购物,奢侈品
1850,爱丁猫,网络购物,二手交易
1851,找我婚礼,生活服务,婚庆服务
1852,蝉游记,旅行出游,行程攻略
1853,芝士超人,通讯社交,知识百科
1854,红枣FM,医疗健康,养生保健
1855,米家,智能硬件,智能家居
1856,美居,智能硬件,智能家居
1857,NET-A-PORTER,网络购物,奢侈品
1858,拾赏,网络购物,嘻哈潮牌
1859,好彩投,金融服务,博彩彩票
1860,省省回头车,快递物流,物流运输
1862,一刻talks,阅读漫画,在线阅读
1863,爱卡汽车系列,汽车服务,汽车资讯
1864,XY,新闻资讯,男性时尚
1865,男衣邦,新闻资讯,男性时尚
1866,孔夫子旧书网,网络购物,二手交易
1867,HRoot - 人力资源新闻 ,求职招聘,人事资讯
1868,铁血军事,新闻资讯,垂直新闻
1868,铁血军事,通讯社交,社区论坛
1869,雅思哥,教育培训,出国留学
1870,芥末留学,教育培训,出国留学
1871,myOffer,教育培训,出国留学
1872,jetstar,旅行出游,廉价航空
1873,美呗-微整形特卖与美容案例分享平台 ,健康美容,美容美妆
1875,Aloha,通讯社交,LGBT社交
1876,Rela热拉,通讯社交,LGBT社交
1877,翻牌子,通讯社交,LGBT社交
1878,乐Do,通讯社交,LGBT社交
1879,汽车大全,汽车服务,汽车资讯
1880,测测星座,宗教占卜,宗教占卜
1881,星座城,宗教占卜,宗教占卜
1881,星座城,通讯社交,匿名社交
1882,摩卡星座 - 新奇玩法不下线 ,宗教占卜,宗教占卜
1883,中国珠宝首饰平台,网络购物,珠宝首饰
1884,艺典中国,网络购物,艺术收藏
1885,大咖拍卖,网络购物,艺术收藏
1886,顺天达拍卖,网络购物,艺术收藏
1887,库拍,网络购物,艺术收藏
1888,雅昌拍卖图录,网络购物,艺术收藏
1889,桃花坞,网络购物,成人用品
1890,美咻咻两性情趣成人用品商城,网络购物,成人用品
1891,宠物家-您身边的宠物管家,网络购物,宠物用品
1892,有宠-最有爱的宠物社区,网络购物,宠物用品
1893,南方航空,旅行出游,非廉价航空
1894,家电头条,新闻资讯,家电资讯
1895,闺蜜圈-女生的秘密后花园 ,通讯社交,社区论坛
1896,妈妈圈,母婴亲子,母婴社区
1897,怀恩菩提心,宗教占卜,宗教占卜
1898,央视新闻,新闻资讯,综合新闻
1899,中国新闻网,新闻资讯,综合新闻
1900,中华珍宝馆,图片摄影,相册图库
1901,律律法律咨询,新闻资讯,法律资讯
1902,法律移动课堂,教育培训,继续教育
1904,一点公益,社会公益,社会公益
1905,公益中国,社会公益,社会公益
1906,米公益 - 不止更好的自己,社会公益,社会公益
1907,微公益,社会公益,社会公益
1908,welian-创业项目找合伙人、天使投资人 ,新闻资讯,创业资讯
1909,互联急救,新闻资讯,互联网资讯
1909,互联急救,医疗健康,医疗资讯
1910,未来教育旗舰版 ,教育培训,继续教育
1911,吉林青年之声,新闻资讯,垂直新闻
1912,嗨音Highing——青年潮流文化社区 ,通讯社交,社区论坛
1913,体检宝测血压视力心率,智能硬件,健康监测
1914,Speedtest 网速测试,实用工具,手机工具
1915,途牛旅游,旅行出游,综合预定
1916,美丽修行,健康美容,美容美妆
1917,美芽,健康美容,美容美妆
1920,飞牛网,网络购物,垂直电商
1921,中粮我买网,网络购物,垂直电商
1922,本来生活,网络购物,垂直电商
1923,丰趣海淘,网络购物,跨境海淘
1923,丰趣海淘,网络购物,综合电商
1924,欢乐斗地主（腾讯）,游戏娱乐,游戏娱乐
1925,地下城与勇士掌游宝,游戏娱乐,游戏攻略
1926,多玩饭盒,游戏娱乐,游戏攻略
1927,网易将军令,游戏娱乐,游戏攻略
1928,CF掌游宝,游戏娱乐,游戏攻略
1929,糖果传奇(深圳市腾讯计算机系统有限公司),游戏娱乐,游戏娱乐
1930,英雄联盟LOL掌游宝,游戏娱乐,游戏攻略
1931,消灭糖果星星,游戏娱乐,游戏娱乐
1932,欢喜斗地主,游戏娱乐,游戏娱乐
1933,吉祥棋牌,游戏娱乐,游戏娱乐
1934,卡通农场（Hay Day）,游戏娱乐,游戏娱乐
1935,恋与制作人,游戏娱乐,游戏娱乐
1936,壁纸大师,实用工具,壁纸主题
1938,榴莲,图片摄影,相册图库
1939,肯德基宅急送,餐饮娱乐,外卖订餐
1940,亲亲宝贝,母婴亲子,母婴健康
1941,ViPER4Android音效驱动,实用工具,手机工具
1942,crayola coloful creatures,幼儿园,幼儿园教育
1943,playstory,幼儿园,幼儿园教育
1944,爱宝贝早教全计划,幼儿园,幼儿园教育
1945,爱维宝贝,幼儿园,幼儿园教育
1946,巴比学拼音,幼儿园,幼儿园教育
1947,巴比智慧园早教,幼儿园,幼儿园教育
1950,宝宝故事,幼儿园,幼儿园阅读
1951,宝宝生活基本功,幼儿园,幼儿园游戏
1953,宝贝故事,幼儿园,幼儿园阅读
1954,宝贝家,幼儿园,幼儿园教育
1955,宝贝全计划,幼儿园,幼儿园游戏
1956,宝贝数学,幼儿园,幼儿园游戏
1957,宝贝学拼音,幼儿园,幼儿园教育
1959,宝贝云计划,幼儿园,幼儿园教育
1960,贝瓦宝宝,幼儿园,幼儿园游戏
1961,波比全脑,幼儿园,幼儿园教育
1962,常青藤爸爸,幼儿园,幼儿园教育
1963,初中数学一点通,初中,初中教育
1964,聪聪学奥数,小学,小学教育
1965,读酷儿童图书馆,幼儿园,幼儿园教育
1966,哆哆识字,幼儿园,幼儿园教育
1967,朵儿网,幼儿园,幼儿园教育
1969,儿童教育游戏,幼儿园,幼儿园游戏
1970,儿童拼图,幼儿园,幼儿园游戏
1971,儿童右脑记忆训练,幼儿园,幼儿园教育
1972,二十四学堂,幼儿园,幼儿园教育
1973,海娃,幼儿园,幼儿园教育
1974,洪恩系列,幼儿园,幼儿园游戏
1975,叽里呱啦,幼儿园,幼儿园游戏
1977,凯叔讲故事,幼儿园,幼儿园阅读
1978,考拉优教,小学,小学教育
1979,考试100,教育培训,继续教育
1980,多纳系列,幼儿园,幼儿园游戏
1980,多纳系列,幼儿园,幼儿园教育
1981,码上学,初中,初中教育
1982,麦田数学,幼儿园,幼儿园游戏
1983,麦田园,幼儿园,幼儿园教育
1984,萌宝儿歌大全,幼儿园,幼儿园游戏
1985,米学家长,小学,小学教育
1988,牛听听,幼儿园,幼儿园教育
1989,爬梯朗读,小学,小学教育
1990,启蒙听听儿歌故事,幼儿园,幼儿园游戏
1991,巧虎之家,幼儿园,幼儿园教育
1992,亲宝儿歌,幼儿园,幼儿园游戏
1993,赛学霸系列,初中,初中教育
1995,时光小屋,幼儿园,幼儿园教育
1996,数学加,小学,小学教育
1998,童yan,幼儿园,幼儿园教育
1999,铁皮人系列,幼儿园,幼儿园游戏
1999,铁皮人系列,幼儿园,幼儿园教育
1999,铁皮人系列,幼儿园,幼儿园阅读
2000,兔兔儿歌,幼儿园,幼儿园游戏
2001,娃娃,幼儿园,幼儿园教育
2004,小e小学英语,小学,小学教育
2007,小孩子点读,小学,小学教育
2008,小柠檬,幼儿园,幼儿园阅读
2009,小小优酷,幼儿园,幼儿园阅读
2011,小学宝,小学,小学教育
2014,小学同步课堂,小学,小学教育
2020,早晚听课文,教育培训,K12教育
2022,知了,幼儿园,幼儿园教育
2023,知子花教育,幼儿园,幼儿园教育
2024,中国幼儿园在线,幼儿园,幼儿园教育
2025,贝乐虎系列,幼儿园,幼儿园游戏
2025,贝乐虎系列,幼儿园,幼儿园教育
2026,中考必备,初中,初中教育
2027,猪迪克识字,幼儿园,幼儿园教育
2028,自然拼读悟空英语,幼儿园,幼儿园教育
2029,精品街9块9,网络购物,网购导流
2030,穿衣助手,网络购物,网购导流
2031,柚子街,网络购物,网购导流
2032,什么值得买,网络购物,网购导流
2033,攒钻石,网络购物,珠宝首饰
2034,一起戴,网络购物,珠宝首饰
2035,珠宝街,网络购物,珠宝首饰
2036,云联珠宝,网络购物,珠宝首饰
2037,东家,网络购物,艺术收藏
2038,赵涌在线,网络购物,艺术收藏
2039,春水堂,网络购物,成人用品
2040,猎趣,网络购物,二手交易
2041,留留学,教育培训,出国留学
2042,九元航空,旅行出游,廉价航空
2043,梧桐果,求职招聘,校园招聘
2044,500px,图片摄影,摄影社区
2045,视界,图片摄影,摄影社区
2046,图虫,图片摄影,摄影社区
2047,新浪体育,新闻资讯,体育资讯
2048,暴风体育,新闻资讯,体育资讯
2049,无讼,新闻资讯,法律资讯
2050,无界商圈,新闻资讯,创业资讯
2051,中国珠宝通,网络购物,珠宝首饰
2052,他趣,网络购物,成人用品
2053,桔色,网络购物,成人用品
2054,Lesgirl,通讯社交,LGBT社交
2055,法治在线,新闻资讯,法律资讯
2057,西部航空,旅行出游,廉价航空
2058,创业家,新闻资讯,创业资讯
2059,闲鱼,网络购物,二手交易
2060,聚力体育,新闻资讯,体育资讯
2061,口袋留学,教育培训,出国留学
2062,Poco摄影,图片摄影,摄影社区
2063,OPPO软件商店,实用工具,应用商店
2064,华为应用市场,实用工具,应用商店
2066,平安好车主,汽车服务,汽车保险
2068,双开助手,实用工具,手机工具
2069,装B神器,图片摄影,图片编辑
2070,美团外卖(商家版),餐饮娱乐,外卖订餐
2071,咪咕直播,视频直播,综合直播
2072,Hello语音交友,通讯社交,匿名社交
2073,和聚汇,实用工具,生活工具
2074,闪电降价,网络购物,优惠特卖
2076,人人视频,视频直播,综合视频
2077,流流顺,实用工具,生活工具
2078,饿了么(商家版),餐饮娱乐,外卖订餐
2079,扫描全能王,实用工具,办公工具
2081,网易漫画,阅读漫画,动漫漫画
2082,小书亭,阅读漫画,在线阅读
2083,天翼空间,实用工具,应用商店
2084,微爱,通讯社交,婚恋社交
2085,美丽说,网络购物,垂直电商
2086,手机电视高清直播,视频直播,电视视频
2087,CAD快速看图,实用工具,办公工具
2088,UC头条,新闻资讯,综合新闻
2089,360儿童卫士,智能硬件,穿戴设备
2090,IS语音,视频直播,垂直直播
2091,安全守护,实用工具,手机工具
2092,贝聊,通讯社交,家校沟通
2093,洋码头,网络购物,跨境海淘
2094,橙光,阅读漫画,在线阅读
2095,1905电影网,视频直播,综合视频
2096,淘车,汽车服务,汽车买卖
2097,Feel,健康美容,健康管理
2098,多多计算器,实用工具,办公工具
2099,天翼生活,实用工具,生活工具
2100,语记,实用工具,办公工具
2101,天翼导航,实用工具,地图导航
2102,5sing原创音乐,音乐广播,综合音乐
2104,云之家,实用工具,办公工具
2105,移动旗舰店,实用工具,生活工具
2106,完美许可证管理,实用工具,手机工具
2107,曹操专车,通勤出行,打车
2108,军事头条,新闻资讯,垂直新闻
2109,酷漫漫画,阅读漫画,动漫漫画
2110,爱看4G,视频直播,综合视频
2111,小米直播,视频直播,综合直播
2112,知鸟,教育培训,继续教育
2113,DJ多多,音乐广播,综合音乐
2114,国务院,新闻资讯,综合新闻
2115,悦跑圈,通讯社交,健身社区
2116,美甲帮,健康美容,美容美妆
2117,一亩田找货,网络购物,垂直电商
2118,Finger,音乐广播,音乐工具
2119,口语100,教育培训,语言学习
2120,每日英语听力,教育培训,语言学习
2121,CAD手机看图,实用工具,办公工具
2122,我的南京,实用工具,分类信息
2123,名片全能王,实用工具,办公工具
2124,极简桌面,实用工具,壁纸主题
2126,网易严选,网络购物,综合电商
2127,poco美人相机,图片摄影,照相机
2128,微店(买家版),网络购物,综合电商
2129,WIFI精灵,实用工具,生活工具
2130,搜狗壁纸,实用工具,壁纸主题
2131,免费WiFi钥匙,实用工具,生活工具
2132,NBA,新闻资讯,体育资讯
2133,12306买火车票,旅行出游,火车高铁
2134,沪江网校,教育培训,语言学习
2135,美食天下,餐饮娱乐,美食菜谱
2136,BBC News,新闻资讯,综合新闻
2137,环球时报,新闻资讯,综合新闻
2138,手游宝,游戏娱乐,游戏攻略
2139,Outlook,实用工具,办公工具
2140,火狐浏览器,实用工具,手机工具
2141,金山手机助手,实用工具,手机工具
2142,化龙巷,实用工具,分类信息
2143,酷我K歌,音乐广播,在线K歌
2144,新华社,新闻资讯,综合新闻
2145,CCTV5,新闻资讯,体育资讯
2146,虎嗅,新闻资讯,综合新闻
2147,微博头条,新闻资讯,综合新闻
2149,上海公交,通勤出行,公共交通
2151,TED,教育培训,公开课
2152,NGA玩家社区,游戏娱乐,游戏攻略
2153,寻医问药,医疗健康,医疗资讯
2155,滴滴(企业版),通勤出行,打车
2156,人民新闻,新闻资讯,综合新闻
2157,每日经济新闻,新闻资讯,财经新闻
2158,CNN,新闻资讯,综合新闻
2159,维基百科,通讯社交,知识百科
2160,易趣eBay,网络购物,综合电商
2161,Outlook邮箱,实用工具,办公工具
2162,上海地铁,通勤出行,公共交通
2163,优衣库,网络购物,垂直电商
2164,孩子通,幼儿园,幼儿园教育
2165,惠头条,新闻资讯,综合新闻
2166,识货,网络购物,垂直电商
2167,想去,网络购物,垂直电商
2168,EYEE蜂潮,网络购物,垂直电商
2168,EYEE蜂潮,网络购物,嘻哈潮牌
2169,走秀,网络购物,垂直电商
2170,红人装,网络购物,网购导流
2171,男人帮,网络购物,垂直电商
2172,么么嗖,网络购物,垂直电商
2172,么么嗖,网络购物,跨境海淘
2173,美美,网络购物,垂直电商
2173,美美,网络购物,奢侈品
2174,LOOK,网络购物,垂直电商
2175,WANTS,网络购物,垂直电商
2176,微视,视频直播,短视频
2177,小企鹅乐园,幼儿园,幼儿园教育
2179,华彩生活,借贷,银行信用卡
2181,维信卡卡贷,借贷,第三方信用卡
2182,51卡宝,借贷,第三方信用卡
2183,有鱼系列,借贷,第三方信用卡
2184,芝麻信用卡与贷款,借贷,第三方信用卡
2186,懒人信用卡,借贷,第三方信用卡
2187,利得卡宝,借贷,第三方信用卡
2189,要点信用卡,借贷,第三方信用卡
2192,国鑫金服贵金属,理财,贵金属
2193,贵金属期货宝,理财,贵金属
2194,鑫圣金业,理财,贵金属
2195,口袋贵金属,理财,贵金属
2196,鑫汇宝系列,理财,贵金属
2197,金道贵金属GTS手机交易软件,理财,贵金属
2198,金道贵金属理财投资,理财,贵金属
2199,恒信贵金属,理财,贵金属
2200,银天下,理财,贵金属
2201,掌上贵金属,理财,贵金属
2202,环球贵金属,理财,贵金属
2203,大象贵金属,理财,贵金属
2204,麒麟贵金属,理财,贵金属
2205,恒基贵金属,理财,贵金属
2206,易龙智投,理财,贵金属
2207,金荣中国,理财,贵金属
2209,领峰贵金属,理财,贵金属
2210,亨达金易通,理财,贵金属
2211,汉声商城,理财,贵金属
2212,MetaTrader 4,理财,外汇
2213,友邦外汇,理财,外汇
2214,口袋外汇,理财,外汇
2215,IG交易,理财,外汇
2216,企鹅外汇,理财,外汇
2217,TigerWit,理财,外汇
2218,汇富智投外汇交易,理财,外汇
2219,金道外汇投资,理财,外汇
2220,普罗汇外汇,理财,外汇
2221,易富外汇,理财,外汇
2223,FXCM,理财,外汇
2224,fxTrade,理财,外汇
2225,SaxoTrader,理财,外汇
2226,FxPro cTrader,理财,外汇
2227,followme交易社区,理财,外汇
2228,汇聊,理财,外汇
2229,FX168财经,理财,外汇
2230,汇信,理财,外汇
2231,外汇天眼,理财,外汇
2233,91桌面,实用工具,壁纸主题
2235,Kindle阅读,阅读漫画,在线阅读
2236,一键锁屏,实用工具,手机工具
2237,正点闹钟,实用工具,生活工具
2238,Opera Mini web 浏览器,实用工具,手机工具
2239,东奥委会计课堂,教育培训,继续教育
2240,精明购,网络购物,网购导流
2241,画江湖,视频直播,垂直视频
2242,公务员考试题库,教育培训,继续教育
2243,火车票达人,旅行出游,火车高铁
2244,交通在手,通勤出行,公共交通
2245,躺赚,实用工具,生活工具
2246,懒人天气,实用工具,生活工具
2247,浙江联通,实用工具,生活工具
2248,点心桌面,实用工具,壁纸主题
2249,车轮,通讯社交,社区论坛
2249,车轮,汽车服务,汽车内容
2249,车轮,汽车服务,汽车资讯
2250,句子迷,阅读漫画,在线阅读
2251,乐乐作文,教育培训,K12教育
2252,美团众包,实用工具,生活工具
2253,战网手机令牌,手机游戏,游戏助手
2254,单身交友,通讯社交,匿名社交
2255,91智能锁屏,实用工具,壁纸主题
2256,买车宝典,汽车服务,汽车买卖
2257,融e购,网络购物,综合电商
2258,全民飞机大战,手机游戏,动作游戏
2259,IT之家,新闻资讯,垂直新闻
2260,企查查,实用工具,办公工具
2261,乐词,教育培训,语言学习
2262,360壁纸,实用工具,壁纸主题
2263,小米WiFi,智能硬件,智能家居
2264,手机人民网,新闻资讯,综合新闻
2265,pixiv,阅读漫画,动漫漫画
2266,Max+,游戏娱乐,游戏攻略
2267,阿里钱盾,实用工具,手机工具
2268,微步,通勤出行,公共交通
2269,华数TV,视频直播,电视视频
2271,Steam,通讯社交,社区论坛
2272,酷市场-CoolMarket,实用工具,应用商店
2273,Google 地球,实用工具,地图导航
2274,天天德州,手机游戏,棋牌游戏
2275,驾校一点通科目一,汽车服务,驾考摇号
2276,NAVER词典,实用工具,词典翻译
2277,扇贝听力,教育培训,语言学习
2278,猫途鹰,旅行出游,行程攻略
2279,北京时间,新闻资讯,综合新闻
2280,葫芦侠3楼,通讯社交,社区论坛
2281,炉石传说掌游宝,手机游戏,游戏助手
2282,移动行讯通,通勤出行,公共交通
2283,快递员,快递物流,快递服务
2284,YY安全中心,实用工具,手机工具
2285,比邻,通讯社交,即时通讯
2286,太平洋汽车网,汽车服务,汽车内容
2286,太平洋汽车网,汽车服务,汽车资讯
2287,爱回收,网络购物,二手交易
2288,叮当快药,医疗健康,医药服务
2289,Y2002音乐,音乐广播,音乐工具
2290,爱奇艺VR,视频直播,VR视频
2291,深圳地铁,通勤出行,公共交通
2292,汽车违章查询,汽车服务,违章查询
2293,Spotify,音乐广播,音乐工具
2294,嗨秀秀场,视频直播,垂直直播
2295,维汉学习通,教育培训,语言学习
2296,诛仙,手机游戏,角色扮演
2297,车300二手车,汽车服务,汽车买卖
2298,联通手机营业厅,实用工具,生活工具
2299,58违章查询,汽车服务,违章查询
2300,丰巢管家,实用工具,生活工具
2301,19楼,通讯社交,社区论坛
2302,百度魔拍,图片摄影,图片编辑
2303,BeautyPlus,图片摄影,照相机
2304,超星移动图书馆,阅读漫画,在线阅读
2305,快读全本小说,阅读漫画,在线阅读
2306,烟台公交,通勤出行,公共交通
2307,运满满货主,快递物流,物流运输
2308,半次元,通讯社交,社区论坛
2309,GGBook看书小说,阅读漫画,在线阅读
2310,中国搜索,实用工具,手机工具
2311,GiWiFi手机助手,实用工具,手机工具
2312,钓鱼人-钓鱼之家,通讯社交,社区论坛
2313,免费电子书,阅读漫画,在线阅读
2314,盼达用车,通勤出行,租车
2315,小木虫,教育培训,高等教育
2316,航海王强者之路,手机游戏,冒险游戏
2316,航海王强者之路,手机游戏,赛车游戏
2316,航海王强者之路,手机游戏,角色扮演
2316,航海王强者之路,手机游戏,棋牌游戏
2317,解放军报,新闻资讯,报纸
2319,拉勾,求职招聘,招聘求职
2320,交易猫,网络购物,二手交易
2320,交易猫,手机游戏,游戏助手
2321,福建交通罚没,汽车服务,违章查询
2322,青岛公交查询,通勤出行,公共交通
2324,乐天免税店,网络购物,跨境海淘
2325,车牛,汽车服务,汽车买卖
2326,好轻,健康美容,减肥瘦身
2327,网上厨房,餐饮娱乐,美食菜谱
2328,V电影,视频直播,垂直视频
2329,巴士管家,通勤出行,公共交通
2330,51公积金管家,求职招聘,社保缴费
2331,掌上大学,通讯社交,社区论坛
2332,万达电影,餐饮娱乐,娱乐票务
2333,向日葵远程控制,实用工具,手机工具
2334,福音影视网,视频直播,垂直视频
2335,Anyview阅读,阅读漫画,在线阅读
2336,沪江小D词典,实用工具,词典翻译
2337,警视通,汽车服务,行车辅助
2338,车行168,汽车服务,汽车买卖
2339,TT语音,视频直播,垂直直播
2340,乐心运动,健康美容,运动健身
2341,青岛新闻网,新闻资讯,垂直新闻
2342,生日管家,网络购物,综合电商
2344,学车不,汽车服务,驾考摇号
2345,倒班助手,实用工具,生活工具
2346,安卓动态壁纸锁屏,实用工具,壁纸主题
2347,疯狂造人,母婴亲子,母婴健康
2348,好乐买,网络购物,垂直电商
2350,医脉通系列,医疗健康,医疗资讯
2351,微会免费电话,通讯社交,即时通讯
2352,印象笔记-圈点,实用工具,办公工具
2353,拇指玩,手机游戏,策略游戏
2354,BAND交友,通讯社交,即时通讯
2355,富友收件宝,快递物流,快递服务
2357,速递易,快递物流,快递服务
2358,网速测试大师,实用工具,手机工具
2359,快看浏览器,实用工具,手机工具
2360,必应词典,实用工具,词典翻译
2361,我要自学网,教育培训,继续教育
2362,艾教育,通讯社交,家校沟通
2363,乐车邦,汽车服务,汽车养护
2364,微软必应,实用工具,生活工具
2365,九秀美女直播,视频直播,垂直直播
2366,手机乐园,实用工具,应用商店
2367,大V店,网络购物,垂直电商
2368,QQ同步助手,实用工具,手机工具
2369,安吉星,汽车服务,行车辅助
2370,极路由,智能硬件,智能家居
2371,易班,通讯社交,社区论坛
2372,聚划算,餐饮娱乐,优惠团购
2373,网易游戏,手机游戏,游戏助手
2374,玫琳凯之窗,实用工具,办公工具
2375,惠锁屏,实用工具,生活工具
2376,当当读书,阅读漫画,在线阅读
2377,i-Shanghai,实用工具,手机工具
2378,今目标,实用工具,办公工具
2379,华商头条,新闻资讯,垂直新闻
2380,集享卡,实用工具,生活工具
2381,MBA智库百科,阅读漫画,在线阅读
2382,坐车网,通勤出行,公共交通
2383,精读圣经,阅读漫画,在线阅读
2384,户外助手,通勤出行,公共交通
2384,户外助手,健康美容,运动健身
2385,广东天翼,实用工具,生活工具
2386,互动吧,通讯社交,社区论坛
2387,最美时光,实用工具,生活工具
2388,宜停车,汽车服务,行车辅助
2389,爱吾游戏宝盒,实用工具,应用商店
2390,微盘,实用工具,办公工具
2391,店长直聘,通讯社交,职场社交
2391,店长直聘,求职招聘,招聘求职
2392,小鸡模拟器,手机游戏,游戏助手
2393,多邻国免费学英语,教育培训,语言学习
2394,跟谁学,教育培训,K12教育
2395,雅虎天气,实用工具,生活工具
2396,Fate/GO,手机游戏,冒险游戏
2397,轻加,健康美容,减肥瘦身
2398,南京掌上公交,通勤出行,公共交通
2399,抽屉新热榜,新闻资讯,综合新闻
2400,测网速,实用工具,手机工具
2401,VIVO应用商店,实用工具,生活工具
2402,水晶DJ网,音乐广播,综合音乐
2403,乘车易,通勤出行,公共交通
2404,券妈妈优惠券,网络购物,优惠特卖
2405,淘粉吧,网络购物,网购导流
2406,傲游云浏览器,实用工具,手机工具
2407,优酷VR,视频直播,VR视频
2408,学而思,教育培训,K12教育
2409,IN,通讯社交,社区论坛
2409,IN,图片摄影,图片编辑
2410,手机青客,房产租售,房产买卖
2410,手机青客,房产租售,房产租赁
2411,语玩约会交友聊天室,通讯社交,匿名社交
2412,优购时尚商城,网络购物,综合电商
2412,优购时尚商城,网络购物,垂直电商
2413,exlive手机查车,汽车服务,行车辅助
2414,唱吧直播间,视频直播,垂直直播
2415,锦江礼享,实用工具,生活工具
2416,如故,通讯社交,匿名社交
2417,一句心情签名,新闻资讯,趣味新闻
2418,柚子相机,图片摄影,照相机
2419,个性,视频直播,垂直直播
2422,美丽约,通讯社交,匿名社交
2423,保险人,通讯社交,社区论坛
2424,Tiki,通讯社交,即时通讯
2425,喜购,网络购物,网购导流
2426,盯盯拍,汽车服务,行车辅助
2427,MELON音乐盛典,音乐广播,综合音乐
2428,每日一题腰果公务员,教育培训,继续教育
2429,卖座电影,餐饮娱乐,娱乐票务
2430,猪易通,新闻资讯,垂直新闻
2431,圣经,阅读漫画,在线阅读
2432,11st,网络购物,跨境海淘
2433,海报工厂,图片摄影,图片编辑
2434,一折特卖,网络购物,优惠特卖
2435,彩云天气,实用工具,生活工具
2436,知到,教育培训,公开课
2437,车点点,汽车服务,汽车养护
2438,比亚迪云服务,汽车服务,汽车内容
2439,汇分享,实用工具,手机工具
2440,虹领巾,网络购物,综合电商
2441,掌上金鹰,网络购物,垂直电商
2442,氧气听书,阅读漫画,在线阅读
2443,读圣经,阅读漫画,在线阅读
2444,粉笔公考,教育培训,继续教育
2445,UU跑腿,实用工具,生活工具
2446,医口袋,医疗健康,医疗资讯
2447,奇秀直播,视频直播,垂直直播
2448,畅游+,手机游戏,游戏助手
2449,斐讯路由,实用工具,手机工具
2450,万表,网络购物,垂直电商
2451,柠檬助手,实用工具,应用商店
2452,火辣健身,健康美容,运动健身
2453,慢慢买,网络购物,网购导流
2454,东方购物,网络购物,综合电商
2455,悠悠,实用工具,地图导航
2456,COK列王的纷争,手机游戏,角色扮演
2456,COK列王的纷争,手机游戏,策略游戏
2457,粉粉日记,实用工具,生活工具
2458,心理FM,音乐广播,在线电台
2459,百果园,网络购物,水果生鲜
2459,百果园,网络购物,垂直电商
2460,书香云集小说阅读器,阅读漫画,在线阅读
2461,PP租车,通勤出行,租车
2463,腾讯WiFi管家,实用工具,手机工具
2464,城市通,实用工具,分类信息
2465,必要,网络购物,网购导流
2466,爱相机,图片摄影,照相机
2467,乐嗨秀场,视频直播,垂直直播
2468,新浪邮箱,实用工具,办公工具
2469,钱咖,实用工具,生活工具
2470,陪我,通讯社交,即时通讯
2471,坏男孩,通讯社交,社区论坛
2472,格力掌上通,实用工具,分类信息
2472,格力掌上通,生活服务,家政服务
2473,云集微店,网络购物,综合电商
2474,高校邦,教育培训,高等教育
2475,3158创业宝,通讯社交,社区论坛
2476,爱青岛,新闻资讯,垂直新闻
2477,e城e家,网络购物,网购导流
2478,Pixlr,图片摄影,图片编辑
2479,熊猫驾信,汽车服务,违章查询
2480,亚马逊购物,网络购物,综合电商
2481,章鱼TV,视频直播,垂直直播
2482,无线苏州,实用工具,分类信息
2485,百度传课,教育培训,继续教育
2486,易直播,视频直播,垂直直播
2487,游戏蜂窝,手机游戏,游戏助手
2488,墨瞳漫画,阅读漫画,动漫漫画
2489,爱壁纸,实用工具,壁纸主题
2490,车主通,汽车服务,违章查询
2491,海词词典,实用工具,词典翻译
2492,Forest,实用工具,生活工具
2493,全球速卖通,网络购物,综合电商
2494,同城游,手机游戏,棋牌游戏
2495,红包锁屏,实用工具,生活工具
2496,康康在线,医疗健康,问诊咨询
2497,妙健康,健康美容,健康管理
2499,沪江学习,教育培训,语言学习
2500,优蓓通,教育培训,早教辅导
2501,掌上猫扑,通讯社交,社区论坛
2502,最美装修,房产租售,家居家装
2503,微话,通讯社交,即时通讯
2504,亿连驾驶助手,实用工具,地图导航
2504,亿连驾驶助手,汽车服务,行车辅助
2505,课程格子,实用工具,生活工具
2506,上海公积金,求职招聘,社保缴费
2507,捞月狗,通讯社交,社区论坛
2508,咪咕善跑,健康美容,运动健身
2509,KK,通讯社交,即时通讯
2510,优品惠,网络购物,跨境海淘
2511,贵州交警总队自主处罚系统,汽车服务,违章查询
2512,内蒙古和校园(家长版),通讯社交,家校沟通
2513,手机号定位,实用工具,生活工具
2514,欧朋浏览器,实用工具,手机工具
2515,365淘房,房产租售,房产买卖
2515,365淘房,房产租售,房产租赁
2516,盒子鱼英语,教育培训,语言学习
2517,按键精灵,手机游戏,游戏助手
2518,车享宝,汽车服务,汽车养护
2519,HelloTalk,教育培训,语言学习
2520,河北交警,汽车服务,违章查询
2521,礼物说,网络购物,网购导流
2522,高考帮,教育培训,K12教育
2523,惠惠购物助手,网络购物,网购导流
2524,快兔出行,通勤出行,租车
2525,108社区,通讯社交,社区论坛
2526,畅途汽车票,通勤出行,公共交通
2527,小影记,图片摄影,图片编辑
2528,手工客,通讯社交,社区论坛
2529,对面,通讯社交,匿名社交
2530,兔小贝儿歌,教育培训,早教辅导
2531,淘小说,阅读漫画,在线阅读
2532,个人图书馆,实用工具,生活工具
2533,漂流瓶子,通讯社交,匿名社交
2534,秀壁纸,实用工具,壁纸主题
2535,智慧无锡,新闻资讯,垂直新闻
2536,遇见,通讯社交,匿名社交
2537,头条快报,新闻资讯,综合新闻
2538,3D播播,视频直播,播放器
2539,车到加油,汽车服务,加油油耗
2540,Indeed找工作,通讯社交,职场社交
2541,拍大师,图片摄影,影像剪辑
2542,广西移动手机营业厅,实用工具,生活工具
2543,好唱,音乐广播,在线K歌
2544,知趣天气,实用工具,生活工具
2545,智能备忘录,实用工具,办公工具
2546,赛尔号超级英雄,手机游戏,动作游戏
2547,出国翻译官,实用工具,词典翻译
2548,刷机精灵,实用工具,手机工具
2549,丽芙家居,网络购物,垂直电商
2550,凯迪社区,通讯社交,社区论坛
2551,豆瓣一刻,新闻资讯,垂直新闻
2552,翼校通,通讯社交,家校沟通
2553,玩美相机,图片摄影,照相机
2554,酒仙网,网络购物,垂直电商
2555,重庆移动手机营业厅,实用工具,生活工具
2556,和教育,通讯社交,即时通讯
2557,兜兜公交,通勤出行,公共交通
2558,米赚,实用工具,生活工具
2559,NATE应用,新闻资讯,垂直新闻
2560,好孕妈,母婴亲子,母婴健康
2561,超级星饭团,通讯社交,社区论坛
2562,富聊,视频直播,垂直直播
2563,学生赚,求职招聘,兼职招聘
2564,安利播库,视频直播,垂直视频
2565,北京地铁,通勤出行,公共交通
2566,么么直播,视频直播,垂直直播
2567,装修图库,房产租售,家居家装
2568,新浪微盾,实用工具,手机工具
2569,Skype,通讯社交,即时通讯
2570,tataUFO,通讯社交,社区论坛
2571,友宝在线,网络购物,垂直电商
2572,红包雨,实用工具,生活工具
2573,视频头条,视频直播,短视频
2574,多说英语,教育培训,语言学习
2575,手机电影,视频直播,垂直视频
2576,学吧课堂,实用工具,生活工具
2577,华为商城,网络购物,垂直电商
2578,蒙古八音盒,音乐广播,音乐工具
2579,QQ游戏,手机游戏,休闲游戏
2580,掌厨,餐饮娱乐,美食菜谱
2581,小米斗地主,手机游戏,棋牌游戏
2582,微微,通讯社交,即时通讯
2583,百度音乐,音乐广播,综合音乐
2584,超级俱乐部,通讯社交,社区论坛
2585,西祠胡同,通讯社交,社区论坛
2586,求恋爱,通讯社交,婚恋社交
2587,陪育100(家长版),通讯社交,家校沟通
2588,秀吧视频,视频直播,垂直直播
2589,口袋故事,教育培训,早教辅导
2589,口袋故事,阅读漫画,少儿读物
2590,天天游戏中心,手机游戏,游戏助手
2591,沃尔玛,网络购物,综合电商
2592,皮皮影视,视频直播,综合视频
2593,上海移动掌上营业厅,实用工具,生活工具
2594,中国蓝TV,视频直播,电视视频
2595,豆腐,通讯社交,社区论坛
2596,正点日历,实用工具,生活工具
2597,波罗蜜,网络购物,跨境海淘
2598,和彩云,实用工具,手机工具
2599,齐齐直播,视频直播,垂直直播
2600,爱课程,教育培训,高等教育
2601,伴读,教育培训,K12教育
2602,福建手机营业厅,实用工具,生活工具
2603,海豚浏览器,实用工具,手机工具
2604,不背单词,教育培训,语言学习
2605,集团彩云,实用工具,办公工具
2606,章鱼输入法,实用工具,手机工具
2607,CIBN微视听,视频直播,电视视频
2608,微锁屏,实用工具,壁纸主题
2609,手机安全先锋,实用工具,手机工具
2610,火线精英,手机游戏,动作游戏
2611,2345网址导航浏览器,实用工具,手机工具
2612,重庆城,餐饮娱乐,点评推荐
2613,巴适公交,通勤出行,公共交通
2614,行者骑行软件,实用工具,地图导航
2615,TV SideView,实用工具,手机工具
2616,人脉通-商机人脉,通讯社交,职场社交
2617,Fitbit,健康美容,减肥瘦身
2617,Fitbit,智能硬件,穿戴设备
2618,青团生活,餐饮娱乐,优惠团购
2619,U掌柜,网络购物,水果生鲜
2619,U掌柜,网络购物,垂直电商
2620,敢聊,通讯社交,匿名社交
2621,生活日历,实用工具,生活工具
2622,快的打车,通勤出行,打车
2623,中华老黄历,实用工具,生活工具
2624,经期助手,健康美容,健康管理
2625,作业盒子中学(学生端),教育培训,K12教育
2626,约爱,通讯社交,婚恋社交
2627,八门神器,手机游戏,游戏助手
2628,浙江新闻,新闻资讯,垂直新闻
2629,Naver音乐播放器,音乐广播,音乐工具
2630,晴天小猫,手机游戏,休闲游戏
2631,南方Plus,新闻资讯,综合新闻
2632,米折特卖,网络购物,优惠特卖
2633,快快查汉语字典,实用工具,词典翻译
2634,画吧,通讯社交,匿名社交
2635,快乐购,网络购物,垂直电商
2636,号外,新闻资讯,综合新闻
2637,招财狗,实用工具,生活工具
2638,翼健康,医疗健康,预约挂号
2639,Twitch,视频直播,垂直直播
2640,啪啪游戏厅,手机游戏,动作游戏
2640,啪啪游戏厅,手机游戏,游戏助手
2641,中央纪委网站,新闻资讯,垂直新闻
2642,CCTV微视,视频直播,综合直播
2643,火车票,旅行出游,火车高铁
2644,优课优信,通讯社交,家校沟通
2645,快更,视频直播,短视频
2646,车行无忧,汽车服务,违章查询
2647,字体管家,实用工具,壁纸主题
2648,GPS导航,实用工具,地图导航
2649,千寻影视,视频直播,综合视频
2650,Aviary相片编辑器,实用工具,生活工具
2651,WiFi管家,实用工具,手机工具
2652,水滴宝宝,母婴亲子,母婴工具
2653,邮乐网,网络购物,综合电商
2654,搜狐汽车,汽车服务,汽车内容
2654,搜狐汽车,汽车服务,汽车资讯
2655,买车达人,汽车服务,汽车买卖
2656,微家园(家长版),通讯社交,家校沟通
2657,开迅视频播放器,视频直播,播放器
2658,乐云记事,实用工具,办公工具
2659,就医宝预约挂号,医疗健康,预约挂号
2660,良仓,通讯社交,社区论坛
2661,和小宝,网络购物,垂直电商
2662,面包猎人,通讯社交,社区论坛
2663,9块9包邮,网络购物,网购导流
2664,奇悠阅读,阅读漫画,在线阅读
2665,并读,新闻资讯,垂直新闻
2666,神行车保,汽车服务,汽车内容
2666,神行车保,汽车服务,汽车买卖
2666,神行车保,汽车服务,汽车养护
2667,网秦安全,实用工具,手机工具
2668,娱票儿票房分析,新闻资讯,影视娱乐
2669,中华英才网,求职招聘,招聘求职
2670,网购潮,网络购物,网购导流
2671,无线新闻,新闻资讯,综合新闻
2672,开饭喇,餐饮娱乐,点评推荐
2673,沃游戏,手机游戏,游戏助手
2674,全网通,通讯社交,即时通讯
2675,返还购,网络购物,网购导流
2676,小伴龙儿歌,教育培训,早教辅导
2677,巴巴熊儿歌故事,垂直行业,母婴
2679,才智小天地,垂直行业,母婴
2680,父母邦,垂直行业,母婴
2681,海拍客,垂直行业,母婴
2682,好孕帮,垂直行业,母婴
2683,加丁妈妈,垂直行业,母婴
2684,咔哒故事,垂直行业,母婴
2685,丽家宝贝,垂直行业,母婴
2686,妈妈购,垂直行业,母婴
2687,妈妈说,垂直行业,母婴
2688,妈妈喂养,垂直行业,母婴
2689,妈咪100分,垂直行业,母婴
2690,妈咪知道,垂直行业,母婴
2691,美柚孕期,垂直行业,母婴
2692,萌宝,垂直行业,母婴
2693,母婴之家,垂直行业,母婴
2694,全球婴,垂直行业,母婴
2695,生男生女帮,垂直行业,母婴
2696,搜狐怀孕宝典,垂直行业,母婴
2697,胎教盒子,垂直行业,母婴
2698,星宝宝,垂直行业,母婴
2699,熊猫乐园,垂直行业,母婴
2700,摇篮网,垂直行业,母婴
2701,优谈宝宝,垂直行业,母婴
2702,有伴网,垂直行业,母婴
2703,柚柚育儿,垂直行业,母婴
2704,育儿网,垂直行业,母婴
2705,孕期全程日历,垂直行业,母婴
2706,孕期胎教音乐,垂直行业,母婴
2707,中国育婴网,垂直行业,母婴
2708,小猿口算,教育培训,K12教育
2709,爱作业,教育培训,K12教育
2710,学而思轻数学,教育培训,K12教育
2711,问他作业神器,教育培训,K12教育
2712,新蛋商城_app,3c,其他
2713,东方财富通,理财,互联网操盘
2714,宜人贷,理财,p2p
2715,益盟操盘手,理财,互联网操盘
2716,人人贷,理财,p2p
2717,中投证券,理财,传统券商
2718,东吴证券,理财,传统券商
2719,聚币网,理财,虚拟货币
2720,国金证券,理财,传统券商
2721,比特币交易网,理财,虚拟货币
2722,北京银行,理财,城商行
2723,理想选股,理财,证券社区
2724,现金卡,借贷,线上小额
2725,贷上钱,借贷,线上小额
2726,魔法现金,借贷,线上小额
2727,广发银行发现精彩,借贷,银行信用卡
2728,马上消费金融,借贷,线上小额
2729,百度有钱花,借贷,教育分期
2730,平安信用卡,借贷,银行信用卡
2731,银联在线,借贷,银行信用卡
2732,嗨住,借贷,租房分期
2733,中安信业贷款,借贷,线上小额
2734,翼龙贷借款,金融服务,借贷
2735,贷你嗨,借贷,线上小额
2736,中腾信贷款,借贷,线上小额
2737,什马金融,借贷,农业分期
2738,advancedino,游戏娱乐,网易系游戏
2739,蛋糕物语,游戏娱乐,网易系游戏
2740,yume,游戏娱乐,网易系游戏
2741,乖离性百万亚瑟王,游戏娱乐,网易系游戏
2742,初音速,游戏娱乐,网易系游戏
2743,小时代,游戏娱乐,网易系游戏
2744,异次元战姬,游戏娱乐,网易系游戏
2745,率土之滨,游戏娱乐,网易系游戏
2746,阴阳师,游戏娱乐,网易系游戏
2747,大话西游,游戏娱乐,网易系游戏
2748,梦幻西游,游戏娱乐,网易系游戏
2749,荒野行动,游戏娱乐,网易系游戏
2750,楚留香,游戏娱乐,网易系游戏
2751,天下,游戏娱乐,网易系游戏
2752,迷雾世界,游戏娱乐,网易系游戏
2753,三少爷的剑,游戏娱乐,网易系游戏
2754,秘境对决,游戏娱乐,网易系游戏
2755,镇魔曲,游戏娱乐,网易系游戏
2756,终结者2：审判日,游戏娱乐,网易系游戏
2757,劲舞团,游戏娱乐,网易系游戏
2758,决战！平安京,游戏娱乐,网易系游戏
2759,大唐无双,游戏娱乐,网易系游戏
2760,功夫熊猫3,游戏娱乐,网易系游戏
2761,光明大陆,游戏娱乐,网易系游戏
2762,大富翁9,游戏娱乐,网易系游戏
2763,梦幻西游无双2,游戏娱乐,网易系游戏
2764,乱斗西游2,游戏娱乐,网易系游戏
2765,我守护的一切,游戏娱乐,网易系游戏
2766,三国如龙传,游戏娱乐,网易系游戏
2767,狼人杀,游戏娱乐,网易系游戏
2768,秘宝猎人,游戏娱乐,网易系游戏
2769,魂之幻影,游戏娱乐,网易系游戏
2770,永远的7日之都,游戏娱乐,网易系游戏
2771,大航海之路,游戏娱乐,网易系游戏
2772,边境之旅,游戏娱乐,网易系游戏
2773,孤岛先锋,游戏娱乐,网易系游戏
2774,大唐游仙记,游戏娱乐,网易系游戏
2775,有杀气童话,游戏娱乐,网易系游戏
2776,玩具大乱斗,游戏娱乐,网易系游戏
2777,梦想星城,游戏娱乐,网易系游戏
2778,天下x天下,游戏娱乐,网易系游戏
2779,坦克连,游戏娱乐,网易系游戏
2780,猫和老鼠,游戏娱乐,网易系游戏
2781,功夫熊猫,游戏娱乐,网易系游戏
2782,魔法禁书目录,游戏娱乐,网易系游戏
2783,永恒边境,游戏娱乐,网易系游戏
2784,猎魂觉醒,游戏娱乐,网易系游戏
2785,坦克世界闪击战,游戏娱乐,网易系游戏
2786,球球大作战,手机游戏,休闲游戏
2787,梦想城镇,手机游戏,模拟经营
2788,少年西游记,手机游戏,卡牌游戏
2789,问道,手机游戏,角色扮演
2790,猪猪侠百变飞车,手机游戏,赛车游戏
2791,滚动的天空,手机游戏,跑酷游戏
2792,时空猎人,手机游戏,角色扮演
2793,天天斗地主,手机游戏,棋牌游戏
2794,英魂之刃,手机游戏,冒险游戏
2795,永不言弃!!,手机游戏,跑酷游戏
2796,纪念碑谷,手机游戏,智力游戏
2797,梦幻花园,手机游戏,模拟经营
2798,宾果消消乐,手机游戏,休闲游戏
2799,部落冲突,手机游戏,策略游戏
2800,通联钱包,金融服务,支付工具
2801,钱袋宝,金融服务,支付工具
2802,环迅支付,金融服务,支付工具
2803,话付宝,金融服务,支付工具
2804,好易联,金融服务,支付工具
2805,盛刷,金融服务,支付工具
2806,收款宝,金融服务,支付工具
2807,智付钱包,金融服务,支付工具
2808,易生支付,金融服务,支付工具
2809,爱丁医生,垂直行业,母婴
2810,半米孕期专家,垂直行业,母婴
2811,宝宝成长足迹,垂直行业,母婴
2812,贝壳找房,房产租售,综合租售
2813,国际妈咪海淘母婴商城,垂直行业,母婴
2814,花生孕育学园,垂直行业,母婴
2815,快乐妈咪,垂直行业,母婴
2816,亲子活动,垂直行业,母婴
2818,益智堂,垂直行业,母婴
2819,孕迹暖暖,垂直行业,母婴
2820,达美乐比萨,餐饮娱乐,外卖订餐
2821,聊天宝,通讯社交,即时通讯
2822,多闪,通讯社交,即时通讯
2823,轻颜相机,图片摄影,照相机
2824,贝店,母婴亲子,母婴购物
2825,网商银行,金融服务,传统银行
2826,VIPKID英语,教育培训,语言学习
2827,晓黑板,通讯社交,家校沟通
2828,盒马生鲜,网络购物,水果生鲜
2829,荣耀阅读,阅读漫画,在线阅读
2830,淘集集,网络购物,优惠特卖
2831,爱奇艺阅读,阅读漫画,在线阅读
2832,米读小说,阅读漫画,在线阅读
2833,云集,网络购物,综合电商
2834,同桌游戏,手机游戏,休闲游戏
2835,快手小游戏,手机游戏,休闲游戏
2836,金太阳,金融服务,理财
2837,和包支付,金融服务,支付工具
2838,七猫精品小说,阅读漫画,在线阅读
2839,环球捕手,网络购物,跨境海淘
2840,小黑鱼,网络购物,综合电商
2841,种子视频,视频直播,短视频
2842,爱剪辑,图片摄影,影像剪辑
2843,省钱快报,网络购物,网购导流
2844,海豚家,网络购物,垂直电商
2845,DJI GO 4,3c,其他
2846,DJI GO,3c,其他
2847,DronesMap-无人机禁飞地图,3c,其他
2848,好药师,网络购物,垂直电商
2849,快方送药,网络购物,垂直电商
2850,猎上猎头版,求职招聘,招聘求职
2851,猎上Offer,求职招聘,招聘求职
2852,猎上企业版,求职招聘,招聘求职
2853,领英,求职招聘,招聘求职
2854,每日一淘,网络购物,水果生鲜
2855,新东方在线,教育培训,出国留学
2855,新东方在线,教育培训,语言学习
2856,呆萝卜,网络购物,水果生鲜
2857,叮咚买菜,网络购物,水果生鲜
2858,每日一淘精选,网络购物,优惠特卖
2859,永辉生活,网络购物,商超便利
2860,云厨一站,网络购物,水果生鲜
2861,朴朴,网络购物,商超便利
2862,生鲜传奇,网络购物,水果生鲜
2863,极飞稻草人,3c,其他
2864,luckin coffee,餐饮娱乐,外卖订餐
2865,大疆农服,3c,其他
2866,农田管家,3c,其他
2867,猿辅导,教育培训,K12教育
2868,作业帮一课,教育培训,K12教育
2869,乐播课,教育培训,K12教育
2870,朗播四六级,教育培训,语言学习
2871,小站系列,教育培训,语言学习
2871,小站系列,教育培训,出国留学
2872,尚德机构,教育培训,语言学习
2872,尚德机构,教育培训,出国留学
2873,get,网络购物,嘻哈潮牌
2874,球鞋指数,网络购物,嘻哈潮牌
2875,斗牛DoNew,网络购物,嘻哈潮牌
2876,StockX,网络购物,嘻哈潮牌
2877,GOAT,网络购物,嘻哈潮牌
2878,标普农业,3c,其他
100001,234益智堂,垂直行业,母婴
100002,39健康网育儿频道,垂直行业,母婴
100004,61宝宝网,垂直行业,母婴
100009,babycare旗舰店,垂直行业,母婴
100010,Babyruler,垂直行业,母婴
100011,britax宝得适旗舰店,垂直行业,母婴
100015,Diapers_Amazon,垂直行业,母婴
100018,ibelieve爱贝丽旗舰店,垂直行业,母婴
100025,reebaby旗舰店,垂直行业,母婴
100026,teknum旗舰店,垂直行业,母婴
100028,tmart海外专营店,垂直行业,母婴
100030,windeln官方海外旗舰店,垂直行业,母婴
100032,爱宝贝,垂直行业,母婴
100033,爱宝应用,垂直行业,母婴
100037,爱丁备孕,垂直行业,母婴
100040,"爱他美,Aptamil",垂直行业,母婴
100044,爱早教,垂直行业,母婴
100048,安满anmum,垂直行业,母婴
100052,奥迪双钻Auldey,垂直行业,母婴
100053,奥适宝orthomol,垂直行业,母婴
100054,"澳贝,Auby",垂直行业,母婴
100055,巴巴熊儿歌故事,垂直行业,母婴
100057,百德丝biodermis,垂直行业,母婴
100058,半米备孕,垂直行业,母婴
100059,半米备孕宝典,垂直行业,母婴
100060,半米胎教音乐,垂直行业,母婴
100061,"帮宝适,Pampers",垂直行业,母婴
100062,宝宝巴士,垂直行业,母婴
100063,宝宝书,垂直行业,母婴
100064,宝宝树,垂直行业,母婴
100065,宝宝天天听,垂直行业,母婴
100066,宝宝知道,垂直行业,母婴
100067,宝贝故事,垂直行业,母婴
100068,宝贝家,垂直行业,母婴
100074,贝贝,垂直行业,母婴
100075,贝贝金海外专营店,垂直行业,母婴
100076,贝贝网,垂直行业,母婴
100077,贝贝熊官方旗舰店,垂直行业,母婴
100078,"贝恩施,Beiens",垂直行业,母婴
100079,贝乐虎,垂直行业,母婴
100080,贝乐虎儿歌,垂直行业,母婴
100082,贝聊,垂直行业,母婴
100084,贝能旗舰店,垂直行业,母婴
100086,贝亲pigeon,垂直行业,母婴
100087,贝瓦儿歌,垂直行业,母婴
100090,贝因美beingmate,垂直行业,母婴
100091,备孕助手,垂直行业,母婴
100092,播种网,垂直行业,母婴
100094,才智小天地,垂直行业,母婴
100099,春晖育儿,垂直行业,母婴
100100,崔玉涛育学园,垂直行业,母婴
100103,大王品牌官方旗舰店,垂直行业,母婴
100104,大姨妈,垂直行业,母婴
100105,袋鼠妈妈旗舰店,垂直行业,母婴
100108,蒂爱旗舰店,垂直行业,母婴
100110,叮小当母婴专营店,垂直行业,母婴
100114,多妙屋母婴旗舰店,垂直行业,母婴
100117,儿歌点点,垂直行业,母婴
100118,儿童资源网,垂直行业,母婴
100119,"飞鹤,Firmus",垂直行业,母婴
100120,飞利浦新安怡旗舰店,垂直行业,母婴
100121,"费雪,Fisher Price",垂直行业,母婴
100122,费雪牌官方旗舰店,垂直行业,母婴
100123,粉猫妈妈pinkpanda,垂直行业,母婴
100126,父母邦,垂直行业,母婴
100129,歌庆geqing,垂直行业,母婴
100132,广东起跑线,垂直行业,母婴
100140,国际妈咪,垂直行业,母婴
100143,孩之宝 Hasbro,垂直行业,母婴
100145,海拍客,垂直行业,母婴
100149,"好孩子,gb",垂直行业,母婴
100150,"好奇,Huggies",垂直行业,母婴
100152,好孕帮,垂直行业,母婴
100153,好孕妈,垂直行业,母婴
100155,"合生元,Biostime",垂直行业,母婴
100160,花生孕育,垂直行业,母婴
100161,花王官方海外旗舰店,垂直行业,母婴
100162,花王官方旗舰店,垂直行业,母婴
100165,怀孕管家,垂直行业,母婴
100167,环球e站海外专营店,垂直行业,母婴
100169,惠氏wyeth,垂直行业,母婴
100173,加丁妈妈,垂直行业,母婴
100176,婧麒joyncleon,垂直行业,母婴
100177,"君乐宝,Junlebao",垂直行业,母婴
100178,咔哒故事,垂直行业,母婴
100180,凯叔讲故事,垂直行业,母婴
100181,康贝 Combi,垂直行业,母婴
100182,可优比旗舰店,垂直行业,母婴
100185,辣妈帮,垂直行业,母婴
100187,兰思诺lansinoh,垂直行业,母婴
100188,乐高 LEGO,垂直行业,母婴
100189,乐乐闪,垂直行业,母婴
100190,乐友孕婴童,垂直行业,母婴
100191,乐智小天地,垂直行业,母婴
100193,丽家宝贝,垂直行业,母婴
100194,丽婴房官方旗舰店,垂直行业,母婴
100195,"利其尔,Richell",垂直行业,母婴
100196,良良旗舰店,垂直行业,母婴
100198,领育网,垂直行业,母婴
100200,六一儿童网,垂直行业,母婴
100201,龙凤韵longfengyun,垂直行业,母婴
100202,露安适旗舰店,垂直行业,母婴
100205,妈宝网,垂直行业,母婴
100206,妈妈帮,垂直行业,母婴
100207,妈妈购,垂直行业,母婴
100209,妈妈社区,垂直行业,母婴
100210,妈妈说,垂直行业,母婴
100211,妈妈网,垂直行业,母婴
100213,妈妈喂养,垂直行业,母婴
100214,妈妈育儿网,垂直行业,母婴
100215,妈咪100分,垂直行业,母婴
100216,"妈咪宝贝,Mamypoko",垂直行业,母婴
100217,妈咪宝贝官方旗舰店,垂直行业,母婴
100218,妈咪知道,垂直行业,母婴
100221,么么亲子网,垂直行业,母婴
100227,美丽孕期,垂直行业,母婴
100228,美琳妈咪nicemama,垂直行业,母婴
100230,美素friso,垂直行业,母婴
100232,美屯妈妈,垂直行业,母婴
100233,美囤妈妈,垂直行业,母婴
100234,美柚/柚宝宝,垂直行业,母婴
100235,美柚孕期,垂直行业,母婴
100238,美赞臣,垂直行业,母婴
100239,"美赞臣,Enfagrow",垂直行业,母婴
100240,萌宝,垂直行业,母婴
100241,梦蜜mengmi,垂直行业,母婴
100242,米度丽miduli,垂直行业,母婴
100244,米卡成长天地,垂直行业,母婴
100245,"米洛,Miluo",垂直行业,母婴
100246,蜜芽,垂直行业,母婴
100249,母婴百科,垂直行业,母婴
100250,母婴网,垂直行业,母婴
100251,母婴之家,垂直行业,母婴
100252,木木屋旗舰店,垂直行业,母婴
100256,尿了么,垂直行业,母婴
100257,牛妈咪联盟,垂直行业,母婴
100258,纽曼思nemans,垂直行业,母婴
100259,"诺优能,Nutrition",垂直行业,母婴
100260,帕玛氏palmers,垂直行业,母婴
100261,漂亮女人,垂直行业,母婴
100264,启蒙听听,垂直行业,母婴
100267,乔奥乔母婴专营店,垂直行业,母婴
100268,亲宝宝,垂直行业,母婴
100269,亲宝网,垂直行业,母婴
100270,亲贝网,垂直行业,母婴
100271,亲恩qinn,垂直行业,母婴
100273,亲亲宝贝,垂直行业,母婴
100275,亲润旗舰店,垂直行业,母婴
100278,青蛙王子旗舰店,垂直行业,母婴
100279,全棉时代purcotton,垂直行业,母婴
100280,全球婴,垂直行业,母婴
100284,森巴早教,垂直行业,母婴
100285,森草堂sencaotang,垂直行业,母婴
100286,莎丽纯shalichun,垂直行业,母婴
100299,生男生女帮,垂直行业,母婴
100300,十月结晶shiyuejiejing,垂直行业,母婴
100301,十月天使annunciation,垂直行业,母婴
100304,时光小屋,垂直行业,母婴
100309,水滴宝宝,垂直行业,母婴
100310,搜狐怀孕宝典,垂直行业,母婴
100311,搜狐母婴,垂直行业,母婴
100314,胎动计数器,垂直行业,母婴
100315,胎教故事,垂直行业,母婴
100316,胎教盒子,垂直行业,母婴
100317,太平洋亲子网,垂直行业,母婴
100318,腾讯育儿,垂直行业,母婴
100322,天涯亲子,垂直行业,母婴
100324,婷妃tingfei,垂直行业,母婴
100325,童方元母婴专营店,垂直行业,母婴
100327,兔兔儿歌,垂直行业,母婴
100328,兔小贝,垂直行业,母婴
100331,娃娃网,垂直行业,母婴
100332,网趣宝贝,垂直行业,母婴
100333,网易亲子,垂直行业,母婴
100336,五羊fiverams,垂直行业,母婴
100337,五羊旗舰店,垂直行业,母婴
100340,悟空识字,垂直行业,母婴
100345,喜图xitu,垂直行业,母婴
100349,霞琪xiaqi,垂直行业,母婴
100350,享受孕enjoypreg,垂直行业,母婴
100352,小白熊旗舰店,垂直行业,母婴
100353,小伴龙,垂直行业,母婴
100354,小伴龙儿歌,垂直行业,母婴
100355,小龙哈彼Happy dino,垂直行业,母婴
100356,小鹿叮叮旗舰店,垂直行业,母婴
100357,小树熊,垂直行业,母婴
100358,小熊优比 Ubbie,垂直行业,母婴
100359,小猪佩奇 Peppa Pig,垂直行业,母婴
100362,新贝旗舰店,垂直行业,母婴
100363,新浪育儿,垂直行业,母婴
100367,星宝宝,垂直行业,母婴
100368,星贝网,垂直行业,母婴
100372,熊猫乐园,垂直行业,母婴
100373,丫丫网,垂直行业,母婴
100374,"雅培,Abbott",垂直行业,母婴
100377,摇篮网,垂直行业,母婴
100378,一朵母婴旗舰店,垂直行业,母婴
100381,亿宝莱YIBAOLAI,垂直行业,母婴
100382,英氏母婴旗舰店,垂直行业,母婴
100385,优贝海外专营店,垂直行业,母婴
100386,优贝宜旗舰店,垂直行业,母婴
100387,优蓓通,垂直行业,母婴
100388,优谈宝宝,垂直行业,母婴
100389,"尤妮佳,Moony",垂直行业,母婴
100391,有伴网,垂直行业,母婴
100394,柚宝宝,垂直行业,母婴
100395,柚柚育儿,垂直行业,母婴
100396,育儿宝,垂直行业,母婴
100397,育儿健康资讯网,垂直行业,母婴
100398,育儿网,垂直行业,母婴
100400,育学园,垂直行业,母婴
100401,育婴知多少,垂直行业,母婴
100409,孕期全程日历,垂直行业,母婴
100410,孕期胎教音乐,垂直行业,母婴
100411,孕期提醒,垂直行业,母婴
100412,孕育管家,垂直行业,母婴
100415,孕育助手,垂直行业,母婴
100419,掌通家园,垂直行业,母婴
100422,之间网,垂直行业,母婴
100425,智慧树,垂直行业,母婴
100426,中国育婴网,垂直行业,母婴
100427,中国早教网,垂直行业,母婴
100434,子初springbuds,垂直行业,母婴
100435,子初旗舰店,垂直行业,母婴
100436,最萌宝宝,垂直行业,母婴
200001,小猿口算,中小学,5-12岁
200002,作业盒子小学学生端,中小学,5-12岁
200003,爱作业,中小学,5-12岁
200004,学而思轻数学,中小学,5-12岁
200005,小学同步课堂,中小学,5-12岁
200006,伴读,中小学,5-12岁
200007,问他作业神器,中小学,5-12岁
200008,聪聪学奥数,中小学,5-12岁
200009,考拉优教,中小学,5-12岁
200011,米学家长,中小学,5-12岁
200012,爬梯朗读,中小学,5-12岁
200013,数学加,中小学,5-12岁
200015,小e小学英语,中小学,5-12岁
200016,小孩子点读,中小学,5-12岁
200018,小学宝,中小学,5-12岁
200026,一起作业（学生端）,中小学,5-12岁
200027,同步学,中小学,5-12岁
200028,少儿趣配音,中小学,5-12岁
200029,纳米盒,中小学,5-12岁
200030,闽教英语,中小学,5-12岁
200031,洪恩数学,中小学,5-12岁
200032,好爸妈点读机,中小学,5-12岁
300001,Machenike,3c,电脑
300002,ThinkPad,3c,电脑
300003,Thunderobot,3c,电脑
300004,戴尔,3c,电脑
300005,宏碁,3c,电脑
300006,华硕,3c,电脑
300007,惠普,3c,电脑
300008,联想,3c,电脑
300009,神舟,3c,电脑
300010,微软,3c,电脑
300011,微星游戏本,3c,电脑
300012,Beats,3c,其他
300013,Bose,3c,其他
300014,iRobot,3c,其他
300015,JBL,3c,其他
300016,JMGO坚果,3c,其他
300017,Sennheiser,3c,其他
300018,锤子科技,3c,其他
300019,明基,3c,其他
300020,索尼,3c,其他
300021,Htc,3c,手机
300022,Moto,3c,手机
300023,Oppo,3c,手机
300024,Vivo,3c,手机
300025,华为,3c,手机
300026,酷派,3c,手机
300027,魅族,3c,手机
300028,努比亚,3c,手机
300029,诺基亚,3c,手机
300030,苹果,3c,手机
300031,荣耀,3c,手机
300032,三星,3c,手机
300033,小米,3c,手机
300034,中兴,3c,手机
300035,GoPro,3c,其他
300036,奥林巴斯,3c,其他
300037,大疆,3c,其他
300038,富士,3c,其他
300039,佳能,3c,其他
300040,徕卡,3c,其他
300041,尼康,3c,其他
300042,Alienware旗舰店,3c,电脑
300044,Machenike旗舰店,3c,电脑
300046,QRTech旗舰店,3c,电脑
300048,ThinkPad旗舰店,3c,电脑
300050,Thunderobot旗舰店,3c,电脑
300052,戴尔旗舰店,3c,电脑
300054,宏碁旗舰店,3c,电脑
300056,华硕旗舰店,3c,电脑
300058,华为旗舰店,3c,电脑
300058,华为旗舰店,3c,手机
300059,惠普旗舰店,3c,电脑
300061,联想旗舰店,3c,电脑
300063,苹果旗舰店,3c,电脑
300063,苹果旗舰店,3c,手机
300064,神舟旗舰店,3c,电脑
300066,微软旗舰店,3c,电脑
300068,微星游戏本旗舰店,3c,电脑
300070,Beats旗舰店,3c,其他
300072,Bose旗舰店,3c,其他
300074,Casio旗舰店,3c,其他
300076,iRobot旗舰店,3c,其他
300078,JBL旗舰店,3c,其他
300080,JMGO坚果旗舰店,3c,其他
300082,Sennheiser旗舰店,3c,其他
300084,锤子科技旗舰店,3c,其他
300086,雷蛇旗舰店,3c,其他
300088,明基旗舰店,3c,其他
300090,索尼旗舰店,3c,其他
300092,Htc旗舰店,3c,手机
300094,Moto旗舰店,3c,手机
300096,Oppo旗舰店,3c,手机
300098,Vivo旗舰店,3c,手机
300101,酷派旗舰店,3c,手机
300103,美图旗舰店,3c,手机
300105,魅族旗舰店,3c,手机
300107,努比亚旗舰店,3c,手机
300109,诺基亚旗舰店,3c,手机
300112,荣耀旗舰店,3c,手机
300114,三星旗舰店,3c,手机
300116,小米旗舰店,3c,手机
300118,中兴旗舰店,3c,手机
300120,GoPro旗舰店,3c,其他
300122,奥林巴斯旗舰店,3c,其他
300124,大疆旗舰店,3c,其他
300126,富士旗舰店,3c,其他
300128,佳能旗舰店,3c,其他
300130,徕卡旗舰店,3c,其他
300132,尼康旗舰店,3c,其他
300134,爱电子产品_电脑_平板_消费者电子产品,3c,电脑
300135,泡泡网_电脑,3c,电脑
300136,泡泡网_平板,3c,电脑
300137,泡泡网_消费者电子产品,3c,电脑
300138,太平洋电脑网_电脑,3c,电脑
300139,太平洋电脑网_平板,3c,电脑
300140,太平洋电脑网_消费者电子产品,3c,电脑
300141,天极网_电脑,3c,电脑
300142,天极网_平板,3c,电脑
300143,天极网_消费者电子产品,3c,电脑
300144,中关村在线_电脑,3c,电脑
300145,中关村在线_平板,3c,电脑
300146,中关村在线_消费者电子产品,3c,电脑
300147,IT之家_app,3c,其他
300148,泡泡_app,3c,其他
300149,泡泡网_VR,3c,其他
300150,泡泡网_科技生活,3c,其他
300151,泡泡网_玩客,3c,其他
300152,太平洋电脑网_app,3c,其他
300153,天机数码_app,3c,其他
300155,天极网_数码,3c,其他
300156,中关村在线_app,3c,其他
300157,中关村在线_DIY硬件,3c,其他
300158,中关村在线_数码影像,3c,其他
300159,泡泡网_手机,3c,手机
300160,太平洋电脑网_手机,3c,手机
300161,天极网_手机,3c,手机
300162,中关村在线_手机,3c,手机
300163,新蛋商城_app,3c,其他
300164,新蛋商城,3c,其他
300165,踪视通,3c,其他
300166,中维云视通监控软件,3c,其他
300167,萤石云视频,3c,其他
300168,遥控精灵,3c,其他
300169,小蚁千里眼,3c,其他
300170,悟空遥控器,3c,其他
300171,沙发管家,3c,其他
300172,乐动力,3c,其他
300173,华为穿戴,3c,其他
300174,咕咚,3c,其他
300175,动动计步器,3c,其他
300176,360智能摄像机,3c,其他
300177,中关村在线,3c,其他
300178,米家,3c,其他
300179,美居,3c,其他
400001,京东股票,理财,证券
400002,支付宝,理财,综合理财
400003,同花顺,理财,互联网操盘
400004,工商银行,理财,五大行
400005,建设银行,理财,五大行
400006,招商银行,理财,大型商业银行
400007,东方财富通,理财,互联网操盘
400009,农业银行,理财,五大行
400010,交通银行,理财,五大行
400012,中国银行,理财,五大行
400013,融360,理财,信息门户
400014,卡牛信用卡管家(理财),理财,记账/信用卡管理
400015,理财通,理财,综合理财
400016,宜人贷,理财,p2p
400018,大智慧,理财,互联网操盘
400019,陆金服,理财,p2p
400020,民生银行,理财,大型商业银行
400021,广发银行,理财,大型商业银行
400023,PPmoney,理财,p2p
400024,天天基金网,理财,
400025,光大银行,理财,大型商业银行
400026,中信银行,理财,大型商业银行
400027,百度钱包,理财,综合理财
400028,浦发银行,理财,大型商业银行
400029,随手记,理财,记账/信用卡管理
400031,凤凰金融,理财,p2p
400032,广发证券,理财,传统券商
400034,兴业银行,理财,大型商业银行
400035,爱基金网,理财,
400036,江苏银行,理财,城商行
400037,平安证券,理财,传统券商
400039,雪球,理财,互联网操盘
400040,国泰君安,理财,传统券商
400042,华泰证券,理财,传统券商
400043,挖财宝,理财,p2p
400044,平安保险,理财,传统保险
400046,太平洋保险,理财,传统保险
400047,招商证券,理财,传统券商
400048,国信证券,理财,传统券商
400049,泰康人寿,理财,传统保险
400050,国寿集团,理财,传统保险
400051,海通证券,理财,传统券商
400052,拍拍贷,理财,p2p
400053,益盟操盘手,理财,互联网操盘
400054,爱钱进,理财,p2p
400055,小赢理财,理财,p2p
400056,华夏银行,理财,大型商业银行
400057,牛股王,理财,互联网操盘
400058,苏宁金融,理财,p2p
400061,挖财钱管家,理财,智能投顾
400063,人人贷,理财,p2p
400064,安信证券,理财,传统券商
400065,众安在线,理财,互联网保险
400066,国联证券,理财,传统券商
400067,挖财记账理财,理财,记账/信用卡管理
400068,点融网,理财,p2p
400069,积木盒子,理财,p2p
400070,联璧金融,理财,p2p
400071,网贷之家,理财,信息门户
400072,团贷网,理财,p2p
400073,方正证券,理财,传统券商
400074,中投证券,理财,传统券商
400075,有鱼记账,理财,记账/信用卡管理
400078,平安银行,理财,大型商业银行
400080,申万宏源,理财,传统券商
400081,火币网,理财,虚拟货币
400082,中信建投,理财,传统券商
400083,苏州银行,理财,城商行
400084,信而富,理财,p2p
400085,上海银行,理财,城商行
400086,微贷网,理财,p2p
400087,东吴证券,理财,传统券商
400088,聚币网,理财,虚拟货币
400089,OKCoin币行,理财,虚拟货币
400091,东莞证券,理财,传统券商
400092,易通贷,理财,p2p
400093,有利网,理财,p2p
400094,南京证券,理财,传统券商
400095,中国人保,理财,传统保险
400096,中信证券,理财,传统券商
400097,好买财富,理财,
400098,平安一账通,理财,智能投顾
400100,南京银行,理财,城商行
400101,百度理财,理财,综合理财
400102,小牛在线,理财,p2p
400103,浙商银行,理财,大型商业银行
400104,钱盆网,理财,p2p
400105,广州农村商业银行,理财,农商行
400106,贵阳银行,理财,城商行
400107,宁波银行,理财,城商行
400108,网贷天眼,理财,信息门户
400109,网信理财,理财,p2p
400110,国金证券,理财,传统券商
400112,和讯理财客,理财,
400113,比特币交易网,理财,虚拟货币
400114,光大证券,理财,传统券商
400115,红岭创投,理财,p2p
400116,口袋理财,理财,p2p
400117,麦子金服财富,理财,p2p
400118,长江证券,理财,传统券商
400119,北京银行,理财,城商行
400120,东海证券,理财,传统券商
400121,向上金服,理财,p2p
400122,超级圆桌,理财,互联网保险
400123,中国比特币,理财,虚拟货币
400124,百度股市通,理财,证券
400126,银河证券,理财,传统券商
400127,杭州银行,理财,城商行
400128,理想选股,理财,证券社区
400129,和信贷,理财,p2p
400130,东莞银行,理财,城商行
400131,麻袋理财,理财,p2p
400132,中泰证券,理财,传统券商
400133,花呗,借贷,网购分期
400134,京东金融,借贷,线上小额
400134,京东金融,借贷,教育分期
400134,京东金融,借贷,旅游分期
400134,京东金融,借贷,网购分期
400135,工银融e联,借贷,银行信用卡
400136,卡卡贷,借贷,信用卡代偿
400136,卡卡贷,借贷,线上大额
400137,招商银行掌上生活,借贷,银行信用卡
400138,交通银行信用卡买单吧,借贷,银行信用卡
400139,360借条,借贷,线上大额
400140,招联金融,借贷,线上大额
400141,小米贷款,借贷,线上大额
400142,51信用卡管家,借贷,信用卡代偿
400142,51信用卡管家,借贷,信用卡管理
400143,我爱卡,借贷,信用卡管理
400143,我爱卡,借贷,线上小额
400144,分期乐,借贷,教育分期
400144,分期乐,借贷,旅游分期
400144,分期乐,借贷,网购分期
400145,平安普惠,借贷,信用卡代偿
400145,平安普惠,借贷,线上大额
400146,易鑫车贷,借贷,汽车分期
400147,小花钱包,借贷,信用卡代偿
400147,小花钱包,借贷,线上小额
400147,小花钱包,借贷,网购分期
400148,拍拍贷借款,借贷,线上小额
400149,小易贷,借贷,线上大额
400150,中信银行动卡空间,借贷,银行信用卡
400151,来分期,借贷,线上大额
400151,来分期,借贷,网购分期
400152,你我贷借款,借贷,线上小额
400153,原子贷,借贷,线上小额
400154,浦发银行浦大喜奔,借贷,银行信用卡
400155,卡牛信用卡管家,借贷,信用卡管理
400156,省呗,借贷,信用卡代偿
400156,省呗,借贷,线上大额
400157,光大银行阳光惠生活,借贷,银行信用卡
400158,拉卡拉,借贷,信用卡代偿
400158,拉卡拉,借贷,线上大额
400159,现金卡,借贷,线上小额
400160,现金白卡,借贷,线上小额
400161,闪银,借贷,线上小额
400162,挖财信用卡管家,借贷,信用卡管理
400163,还呗,借贷,信用卡代偿
400163,还呗,借贷,线上大额
400164,贷上钱,借贷,线上小额
400165,信用钱包,借贷,线上小额
400166,2345贷款王,借贷,线上小额
400167,给你花,借贷,线上小额
400168,宜人贷借款,借贷,线上大额
400169,用钱宝,借贷,线上小额
400170,借点钱,借贷,线上小额
400171,51人品,借贷,线上大额
400172,我来贷,借贷,线上大额
400173,民生银行信用卡,借贷,银行信用卡
400174,网易有钱,借贷,信用卡管理
400175,佰仟金融,借贷,线上小额
400175,佰仟金融,借贷,网购分期
400176,玖富叮当贷,借贷,线上小额
400177,快贷,借贷,线上小额
400178,手机贷,借贷,线上小额
400179,任性付,借贷,线上大额
400180,借贷宝,借贷,线上大额
400181,现金巴士,借贷,线上小额
400182,小赢卡贷,借贷,信用卡代偿
400182,小赢卡贷,借贷,线上小额
400183,即有分期,借贷,教育分期
400183,即有分期,借贷,线上小额
400183,即有分期,借贷,网购分期
400184,玖富万卡,借贷,信用卡代偿
400185,向钱贷,借贷,线上小额
400186,魔法现金,借贷,线上小额
400187,分期管家,借贷,信用卡代偿
400188,极速现金侠,借贷,线上小额
400189,广发银行发现精彩,借贷,银行信用卡
400191,简单借款,借贷,线上小额
400192,钱包贷,借贷,线上小额
400193,爱又米,借贷,线上小额
400193,爱又米,借贷,网购分期
400194,掌众金融闪电借款,借贷,线上小额
400195,么么钱包,借贷,医美分期
400195,么么钱包,借贷,线上小额
400195,么么钱包,借贷,网购分期
400196,钱站,借贷,线上大额
400197,58月付,借贷,租房分期
400198,中国银行缤纷生活,借贷,银行信用卡
400199,马上消费金融,借贷,线上小额
400200,大小贷,借贷,线上小额
400201,指尖贷,借贷,线上小额
400202,买单侠,借贷,网购分期
400203,花无缺,借贷,线上小额
400204,有贝钱袋,借贷,线上小额
400205,缺钱么,借贷,线上小额
400206,百度有钱花,借贷,教育分期
400206,百度有钱花,借贷,线上大额
400207,马上贷,借贷,线上小额
400208,达飞云贷,借贷,线上小额
400209,先花花,借贷,线上小额
400210,平安信用卡,借贷,银行信用卡
400214,嗨钱网,借贷,线上小额
400214,嗨钱网,借贷,网购分期
400215,豆豆钱,借贷,线上小额
400216,99贷,借贷,线上小额
400217,布丁小贷,借贷,线上小额
400218,零零期分期,借贷,线上小额
400218,零零期分期,借贷,网购分期
400219,捷信,借贷,网购分期
400220,有用分期,借贷,网购分期
400221,麦芽贷,借贷,线上小额
400222,快钱钱包,借贷,信用卡代偿
400222,快钱钱包,借贷,信用卡管理
400222,快钱钱包,借贷,线上大额
400223,秒白条,借贷,线上小额
400224,中银消费金融,借贷,
400225,万达贷,借贷,线上大额
400226,银联在线,借贷,银行信用卡
400228,新浪有借,借贷,线上小额
400229,发薪贷,借贷,线上小额
400230,松鼠贷,借贷,信用卡代偿
400230,松鼠贷,借贷,线上小额
400231,点融借贷,借贷,线上大额
400233,借钱用,借贷,信用卡代偿
400233,借钱用,借贷,线上小额
400234,借了呗,借贷,信用卡代偿
400235,蜡笔分期,借贷,教育分期
400235,蜡笔分期,借贷,线上小额
400236,嗨住,借贷,租房分期
400237,读秒钱包,借贷,线上大额
400238,美借,借贷,线上小额
400239,亲亲小贷,借贷,线上小额
400240,功夫贷,借贷,线上大额
400241,安家派,借贷,线上大额
400242,U族,借贷,线上小额
400243,买呗,借贷,线上小额
400244,品值,借贷,线上大额
400244,品值,借贷,网购分期
400245,中安信业贷款,借贷,线上小额
400246,人人贷借款,借贷,线上大额
400247,翼龙贷借款,借贷,
400248,小树时代,借贷,线上小额
400249,贷你嗨,借贷,线上小额
400250,趣还钱,借贷,线上小额
400251,蓝领贷,借贷,线上小额
400252,现金钱急送,借贷,线上小额
400253,桔子分期,借贷,线上小额
400253,桔子分期,借贷,网购分期
400254,中腾信贷款,借贷,线上小额
400255,千百块,借贷,线上小额
400256,什马金融,借贷,农业分期
400256,什马金融,借贷,汽车分期
400256,什马金融,借贷,网购分期
400257,广银信用卡,借贷,银行信用卡
500001,AdvanceDino,游戏娱乐,网易系游戏
500002,蛋糕物语,游戏娱乐,网易系游戏
500003,YuME,游戏娱乐,网易系游戏
500004,乖离性百万亚瑟王,游戏娱乐,网易系游戏
500005,初音速,游戏娱乐,网易系游戏
500006,小时代,游戏娱乐,网易系游戏
500007,异次元战姬,游戏娱乐,网易系游戏
500008,率土之滨,游戏娱乐,网易系游戏
500009,阴阳师,游戏娱乐,网易系游戏
500010,大话西游,游戏娱乐,网易系游戏
500011,梦幻西游,游戏娱乐,网易系游戏
500012,荒野行动,游戏娱乐,网易系游戏
500013,楚留香,游戏娱乐,网易系游戏
500014,天下,游戏娱乐,网易系游戏
500015,迷雾世界,游戏娱乐,网易系游戏
500016,三少爷的剑,游戏娱乐,网易系游戏
500017,秘境对决,游戏娱乐,网易系游戏
500018,镇魔曲,游戏娱乐,网易系游戏
500019,终结者2：审判日,游戏娱乐,网易系游戏
500020,劲舞团,游戏娱乐,网易系游戏
500021,决战！平安京,游戏娱乐,网易系游戏
500022,大唐无双,游戏娱乐,网易系游戏
500023,功夫熊猫3,游戏娱乐,网易系游戏
500024,光明大陆,游戏娱乐,网易系游戏
500025,大富翁9,游戏娱乐,网易系游戏
500026,梦幻西游无双2,游戏娱乐,网易系游戏
500027,乱斗西游2,游戏娱乐,网易系游戏
500028,我守护的一切,游戏娱乐,网易系游戏
500029,三国如龙传,游戏娱乐,网易系游戏
500030,狼人杀,游戏娱乐,网易系游戏
500031,秘宝猎人,游戏娱乐,网易系游戏
500032,魂之幻影,游戏娱乐,网易系游戏
500033,永远的7日之都,游戏娱乐,网易系游戏
500034,大航海之路,游戏娱乐,网易系游戏
500035,边境之旅,游戏娱乐,网易系游戏
500036,孤岛先锋,游戏娱乐,网易系游戏
500037,大唐游仙记,游戏娱乐,网易系游戏
500038,有杀气童话,游戏娱乐,网易系游戏
500039,玩具大乱斗,游戏娱乐,网易系游戏
500040,梦想星城,游戏娱乐,网易系游戏
500041,天下X天下,游戏娱乐,网易系游戏
500042,坦克连,游戏娱乐,网易系游戏
500043,我的世界,游戏娱乐,网易系游戏
500044,猫和老鼠,游戏娱乐,网易系游戏
500045,功夫熊猫,游戏娱乐,网易系游戏
500046,魔法禁书目录,游戏娱乐,网易系游戏
500047,永恒边境,游戏娱乐,网易系游戏
500048,猎魂觉醒,游戏娱乐,网易系游戏
500049,坦克世界闪击战,游戏娱乐,网易系游戏
500050,倩女幽魂,游戏娱乐,网易系游戏
500051,腾讯系游戏,游戏娱乐,腾讯系游戏
500052,欢乐斗地主,游戏娱乐,腾讯系游戏
500053,全名飞机大战,游戏娱乐,腾讯系游戏
500054,QQ游戏,游戏娱乐,腾讯系游戏
600001,赛尔号超级英雄,手机游戏,冒险游戏
600002,火线精英,手机游戏,射击游戏
600003,天天游戏中心,手机游戏,游戏助手
600004,球球大作战,手机游戏,休闲游戏
600005,游戏蜂窝,手机游戏,游戏助手
600006,梦想城镇,手机游戏,模拟经营
600007,少年西游记,手机游戏,卡牌游戏
600008,问道,手机游戏,角色扮演
600009,猪猪侠百变飞车,手机游戏,赛车游戏
600010,滚动的天空,手机游戏,跑酷游戏
600011,终结者2:审判日,手机游戏,射击游戏
600012,时空猎人,手机游戏,角色扮演
600013,神偷奶爸小黄人快跑,手机游戏,跑酷游戏
600014,天天斗地主,手机游戏,棋牌游戏
600015,英魂之刃,手机游戏,冒险游戏
600016,永不言弃!!,手机游戏,跑酷游戏
600017,纪念碑谷,手机游戏,智力游戏
600018,梦幻花园,手机游戏,模拟经营
600019,宾果消消乐,手机游戏,休闲游戏
600020,部落冲突,手机游戏,策略游戏
600021,全民飞机大战,手机游戏,飞行游戏
600022,骑士助手,手机游戏,游戏助手
600023,贪吃蛇大作战,手机游戏,休闲游戏
600024,猫和老鼠,手机游戏,跑酷游戏
600025,阴阳师,手机游戏,角色扮演
600026,梦幻西游,手机游戏,角色扮演
600027,倩女幽魂,手机游戏,角色扮演
600028,大话西游,手机游戏,角色扮演
600029,迷你世界,手机游戏,休闲游戏
600030,口袋狼人杀,手机游戏,桌面游戏
600031,恋舞OL,手机游戏,音乐游戏
600032,钢琴块2,手机游戏,休闲游戏
600033,完美钢琴,手机游戏,音乐游戏
600034,开心消消乐,手机游戏,休闲游戏
600035,机战王,手机游戏,动作游戏
600036,JJ斗地主,手机游戏,棋牌游戏
600037,多玩我的世界盒子,手机游戏,游戏助手
600038,荒野行动,手机游戏,射击游戏
600039,葫芦侠,手机游戏,游戏助手
600040,地铁跑酷,手机游戏,动作游戏
600041,神庙逃亡2,手机游戏,动作游戏
600042,全民枪战,手机游戏,射击游戏
600043,三国杀,手机游戏,桌面游戏
600044,登山赛车,手机游戏,赛车游戏
600045,皇室战争,手机游戏,策略游戏
600046,海岛奇兵,手机游戏,策略游戏
600047,7723游戏盒,手机游戏,游戏助手
600048,4399游戏盒,手机游戏,游戏助手
600049,王者荣耀助手,手机游戏,游戏助手
600050,掌上穿越火线,手机游戏,游戏助手
600051,欢乐斗地主,手机游戏,棋牌游戏
600052,王者荣耀,手机游戏,策略游戏
600053,海盗来了,手机游戏,小程序
600054,头脑王者,手机游戏,小程序
600055,最强弹一弹,手机游戏,小程序
600056,欢乐球球,手机游戏,小程序
600057,萌犬变变变,手机游戏,小程序
600058,加减大师,手机游戏,小程序
600059,AdvanceDino,手机游戏,策略游戏
600060,蛋糕物语,手机游戏,模拟经营
600061,YuME,手机游戏,冒险游戏
600061,YuME,手机游戏,休闲游戏
600062,乖离性百万亚瑟王,手机游戏,卡牌游戏
600063,初音速,手机游戏,音乐游戏
600064,小时代,手机游戏,休闲游戏
600065,异次元战姬,手机游戏,动作游戏
600065,异次元战姬,手机游戏,角色扮演
600066,率土之滨,手机游戏,策略游戏
600067,楚留香,手机游戏,角色扮演
600068,天下,手机游戏,角色扮演
600069,迷雾世界,手机游戏,策略游戏
600069,迷雾世界,手机游戏,冒险游戏
600070,三少爷的剑,手机游戏,角色扮演
600071,秘境对决,手机游戏,卡牌游戏
600072,镇魔曲,手机游戏,角色扮演
600073,劲舞团,手机游戏,音乐游戏
600074,决战！平安京,手机游戏,策略游戏
600075,大唐无双,手机游戏,角色扮演
600076,功夫熊猫3,手机游戏,策略游戏
600077,光明大陆,手机游戏,角色扮演
600078,大富翁9,手机游戏,棋牌游戏
600079,梦幻西游无双2,手机游戏,角色扮演
600079,梦幻西游无双2,手机游戏,冒险游戏
600080,乱斗西游2,手机游戏,策略游戏
600081,我守护的一切,手机游戏,动作游戏
600081,我守护的一切,手机游戏,角色扮演
600082,三国如龙传,手机游戏,角色扮演
600083,狼人杀,手机游戏,桌面游戏
600084,秘宝猎人,手机游戏,射击游戏
600085,魂之幻影,手机游戏,动作游戏
600086,永远的7日之都,手机游戏,角色扮演
600087,大航海之路,手机游戏,射击游戏
600088,边境之旅,手机游戏,模拟经营
600088,边境之旅,手机游戏,休闲游戏
600089,孤岛先锋,手机游戏,冒险游戏
600090,大唐游仙记,手机游戏,角色扮演
600091,有杀气童话,手机游戏,动作游戏
600092,玩具大乱斗,手机游戏,休闲游戏
600093,梦想星城,手机游戏,模拟经营
600094,天下X天下,手机游戏,动作游戏
600095,坦克连,手机游戏,射击游戏
600096,我的世界,手机游戏,策略游戏
600097,功夫熊猫,手机游戏,动作游戏
600098,魔法禁书目录,手机游戏,角色扮演
600099,永恒边境,手机游戏,射击游戏
600100,猎魂觉醒,手机游戏,角色扮演
600101,坦克世界闪击战,手机游戏,射击游戏
700001,快钱钱包,金融服务,支付工具
700002,拉卡拉,金融服务,支付工具
700003,通联钱包,金融服务,支付工具
700004,钱袋宝,金融服务,支付工具
700005,环迅支付,金融服务,支付工具
700006,壹钱包,金融服务,支付工具
700007,话付宝,金融服务,支付工具
700008,好易联,金融服务,支付工具
700009,盛刷,金融服务,支付工具
700010,收款宝,金融服务,支付工具
700011,智付钱包,金融服务,支付工具
700012,易生支付,金融服务,支付工具
800001,贝壳找房,房产租售,综合租售
800002,支付宝租房频道,房产租售,房产租赁
900001,禧月荟,母婴亲子,月子中心
900002,名媛月府,母婴亲子,月子中心
900003,爱帝宫,母婴亲子,月子中心
900004,耐味林,母婴亲子,月子中心
900005,雅朵人文,母婴亲子,月子中心
900006,瑞和,母婴亲子,月子中心
900007,新妈妈,母婴亲子,月子中心
900008,知妈堂孕期教育中心,母婴亲子,月子中心
900009,馨月汇,母婴亲子,月子中心
900010,优艾贝,母婴亲子,月子中心
900011,禧月阁,母婴亲子,月子中心
900012,巍阁,母婴亲子,月子中心
900013,仕馨,母婴亲子,月子中心
900014,喜喜月子,母婴亲子,月子中心
900015,知爱母婴,母婴亲子,月子中心
900016,贝瑞佳,母婴亲子,月子中心
900017,悦子阁,母婴亲子,月子中心
900018,金月汇,母婴亲子,月子中心
2879,东方财富网,新闻资讯,财经新闻
2880,老铁视频,视频直播,电视视频
2881,银河玖乐,金融服务,理财
2882,千千音乐,音乐广播,综合音乐
2883,平安口袋银行,金融服务,传统银行
2884,储蓄银行,金融服务,传统银行
2885,作业互助组,教育培训,K12教育
2886,刷宝-力奥,视频直播,短视频
2887,BesTV,视频直播,电视视频
2888,悦动圈,健康美容,运动健身
2889,美人相机,图片摄影,图片编辑
2890,高德导航,实用工具,地图导航
2891,映客,阅读漫画,在线阅读
2892,阳光惠生活,金融服务,借贷
2893,七猫免费小说,阅读漫画,在线阅读
2894,广发证券易淘金,金融服务,理财
2895,天翼爱音乐,音乐广播,综合音乐
2896,小米黄页,实用工具,生活工具
2897,小米音乐,音乐广播,综合音乐
2898,91熊猫看书,阅读漫画,在线阅读
2899,掌中投,金融服务,理财
2900,FLIPBOARD红板报,新闻资讯,综合新闻
2901,MIX滤镜大师,图片摄影,图片编辑
2902,海通e海通财,金融服务,理财
2903,触手,视频直播,游戏直播
2904,电视家,视频直播,综合视频
2905,国寿e宝,汽车服务,汽车资讯
2906,财联社,新闻资讯,财经新闻
2907,华住会,旅行出游,经济酒店
2908,天天看,视频直播,综合视频
2909,360贷款导航,金融服务,借贷
2910,迅雷影音-云播,视频直播,电视视频
2911,老司机-锋巢,通讯社交,社区论坛
2912,界面,新闻资讯,综合新闻
2913,土巴兔,房产租售,家居家装
2914,科技个险-太平洋保险,实用工具,办公工具
2915,铃铃铃-金立铃音,音乐广播,手机铃声
2916,云钱包,金融服务,支付工具
2917,小象优品,网络购物,综合电商
2918,话本小说,阅读漫画,在线阅读
2919,趣看天下,新闻资讯,综合新闻
2920,悦头条,视频直播,短视频
2921,朗读大师,实用工具,生活工具
2922,作家助手,实用工具,办公工具
2923,盖得排行,实用工具,生活工具
2924,医学教育网,教育培训,高等教育
2925,广东国税,实用工具,生活工具
2926,哆点,实用工具,手机工具
2927,微光-qingqi,视频直播,综合视频
2928,灵占天下(占卜),宗教占卜,宗教占卜
2929,太平洋电脑网,新闻资讯,垂直新闻
2930,上海迪士尼度假区,实用工具,生活工具
2931,百度百科,新闻资讯,综合新闻
2932,最佳东方,求职招聘,招聘求职
2933,豌豆公主,网络购物,跨境海淘
2934,途强在线,汽车服务,行车辅助
2935,大连地铁e出行,通勤出行,公共交通
2936,真友婚恋,通讯社交,婚恋社交
2937,摩托邦-motoband,实用工具,生活工具
2938,最全钢琴谱,音乐广播,音乐工具
2939,排卵期安全期日历,实用工具,生活工具
2940,财新网,新闻资讯,财经新闻
2941,方糖娱乐,视频直播,综合直播
2942,H&M,网络购物,垂直电商
2943,G-Netlink,汽车服务,行车辅助
2944,赞客,通讯社交,LGBT社交
2945,经纬名片通,实用工具,办公工具
2946,音乐雷达DORESO,音乐广播,综合音乐
2947,猎曲奇兵,音乐广播,音乐工具
2948,熊猫直播,视频直播,综合直播
2949,汽车报价-汽车之家出品,汽车服务,汽车买卖
2950,和讯财经,新闻资讯,财经新闻
2951,网易CC直播,视频直播,综合直播
2952,财经杂志,新闻资讯,财经新闻
2953,网易花田,通讯社交,婚恋社交
2954,财经头条-东方财富,新闻资讯,财经新闻
2955,酷狗KTV,音乐广播,在线K歌
2956,迷彩虎军事,新闻资讯,垂直新闻
2957,4399游拍,视频直播,综合直播
2958,VOGUE,新闻资讯,垂直新闻
2959,爱范儿,新闻资讯,垂直新闻
2960,减肥小秘书,健康美容,减肥瘦身
2961,Grindr,通讯社交,LGBT社交
2962,11st客户端,网络购物,跨境海淘
2963,推酷,新闻资讯,垂直新闻
2964,软天空,游戏娱乐,游戏娱乐
2965,拉拉公园,通讯社交,LGBT社交
2966,火球买手,网络购物,综合电商
2967,小黑盒,游戏娱乐,游戏攻略
2968,批来批往,网络购物,优惠特卖
2969,买买乐购,金融服务,借贷
2970,轻牛,健康美容,健康管理
2971,Amazfit手表,智能硬件,穿戴设备
2972,爱善天使,医疗健康,医疗资讯
2973,每天美耶,健康美容,美容美妆
2974,Pacewear,智能硬件,穿戴设备
2975,小熊有好货,网络购物,优惠特卖
2976,衣联网,网络购物,垂直电商
2977,杂志迷,阅读漫画,在线阅读
2978,孕妇伴侣,母婴亲子,母婴健康
2979,中文科技期刊,新闻资讯,科学文化
2980,两性微课,医疗健康,医疗资讯
2981,暴风魔镜,视频直播,VR视频
2982,百度VR,视频直播,VR视频
2983,潘多拉视频,视频直播,VR视频
2984,QQ浏览器VR,视频直播,VR视频
2985,星月VR,视频直播,VR视频
2986,众安,金融服务,保险
2987,娱票儿,实用工具,生活工具
2988,移动电影院-motv,视频直播,电视视频
2989,中原找房,房产租售,综合租售
2990,生活始末,房产租售,家居家装
2991,亚洲航空,旅行出游,非廉价航空
2992,马来西亚航空,旅行出游,非廉价航空
2993,趣出行,通勤出行,拼车
2994,学习强国,新闻资讯,垂直新闻
2995,华为钱包,金融服务,支付工具
2996,波波视频,视频直播,短视频
2997,腾讯新闻极速版,新闻资讯,综合新闻
2998,个人所得税,实用工具,生活工具
2999,全民小视频,视频直播,短视频
3000,汤姆猫跑酷,手机游戏,跑酷游戏
3001,连信,通讯社交,即时通讯
3002,快对作业,教育培训,K12教育
3003,好游快爆,手机游戏,游戏助手
3004,哈啰出行,通勤出行,共享单车
3005,V8实拍,视频直播,短视频
3006,万年历,实用工具,生活工具
3007,Soul,通讯社交,匿名社交
3008,10086,实用工具,生活工具
3009,易用汇,实用工具,应用商店
3010,追书免费版,阅读漫画,在线阅读
3011,连尚免费读书,阅读漫画,在线阅读
3012,一起小学学生,教育培训,K12教育
3013,微鲤看看,新闻资讯,综合新闻
3014,新浪财经,新闻资讯,财经新闻
3015,快影,图片摄影,影像剪辑
3016,微博国际版,通讯社交,微博博客
3017,天气预报,实用工具,生活工具
3018,天眼查企业查询,实用工具,分类信息
3019,懂车帝,汽车服务,汽车资讯
3020,皮皮搞笑,视频直播,短视频
3021,神奇手机管家,实用工具,手机工具
3022,趣推,图片摄影,影像剪辑
3023,我的安吉拉,手机游戏,休闲游戏
3024,闪电盒子,新闻资讯,趣味新闻
3025,无忧天气,实用工具,生活工具
3026,马卡龙玩图,图片摄影,图片编辑
3027,微博动漫,阅读漫画,动漫漫画
3028,随手电筒,实用工具,生活工具
3029,家长通,通讯社交,社区论坛
3030,易通行,通勤出行,公共交通
3031,清理大师,实用工具,手机工具
3032,好运万年历,实用工具,生活工具
3033,CAD看图王,实用工具,办公工具
3034,作业帮家长版,教育培训,K12教育
3035,星巴克,餐饮娱乐,外卖订餐
3036,心悦俱乐部,手机游戏,游戏助手
3037,微商水印相机,图片摄影,照相机
3038,代号英雄,游戏娱乐,游戏娱乐
3039,翼课学生,教育培训,K12教育
3040,免费追书,阅读漫画,在线阅读
3041,KK键盘,实用工具,手机工具
3042,Uki,通讯社交,匿名社交
3043,趣步,健康美容,运动健身
3044,网易UU加速器,手机游戏,游戏助手
3045,萌推,网络购物,优惠特卖
3046,好分数,教育培训,K12教育
3047,录屏大师,实用工具,手机工具
3048,安逸花,金融服务,借贷
3049,音遇,音乐广播,在线K歌
3050,中青看点,新闻资讯,综合新闻
3051,车轮驾考通,汽车服务,驾考摇号
3052,触漫,游戏娱乐,游戏娱乐
3053,伊对视频约会,通讯社交,婚恋社交
3054,形色,实用工具,生活工具
3055,保险师,金融服务,保险
3056,国美智能,实用工具,生活工具
3057,中兴应用商店,实用工具,手机工具
3058,北京一卡通,通勤出行,公共交通
3059,随行付Plus,金融服务,支付工具
3060,ARK: Survival Evolved,手机游戏,冒险游戏
3061,星球联盟,手机游戏,冒险游戏
3062,分身大师,通讯社交,即时通讯
3063,安心记加班,实用工具,办公工具
3064,PU口袋校园,实用工具,生活工具
3065,车行易查违章,汽车服务,违章查询
3066,掌上电力,实用工具,生活工具
3067,叨叨记账,金融服务,记账
3068,熊猫四川麻将,游戏娱乐,游戏娱乐
3069,有料看看,新闻资讯,综合新闻
3070,来聚财个人版,实用工具,生活工具
3071,海尔洗衣,实用工具,生活工具
3072,老司机,汽车服务,汽车资讯
3073,阿拉警察,实用工具,生活工具
3074,老来网,实用工具,生活工具
3075,快8实拍,视频直播,短视频
3076,作文纸条,教育培训,K12教育
3077,山东农信,金融服务,传统银行
3078,超话社区,通讯社交,社区论坛
3079,Biu神器,图片摄影,图片编辑
3080,丰收互联,金融服务,综合金融
3081,有看头,实用工具,生活工具
3082,大王贷款,金融服务,借贷
3083,看准,求职招聘,招聘求职
3084,四川农信手机银行,金融服务,传统银行
3085,云电脑,手机游戏,游戏助手
3086,FiF口语训练,教育培训,语言学习
3087,InShot,图片摄影,图片编辑
3088,活力花,金融服务,借贷
3089,腾讯桌球,手机游戏,休闲游戏
3090,黑阈,实用工具,手机工具
3091,小精灵美化,图片摄影,图片编辑
3092,星火英语,教育培训,语言学习
3093,车e兴,实用工具,生活工具
3094,手机公积金,求职招聘,社保缴费
3095,我飞刀玩得贼6,游戏娱乐,游戏娱乐
3096,聚看点,新闻资讯,综合新闻
3097,炉石传说,游戏娱乐,游戏娱乐
3098,233小游戏,游戏娱乐,游戏娱乐
3099,花间,通讯社交,匿名社交
3100,WiFi钥匙,实用工具,生活工具
3101,熊猫优选,网络购物,综合电商
3102,火萤,实用工具,壁纸主题
3103,蓝墨云班课,教育培训,公开课
3104,恒风行,通勤出行,公共交通
3105,江苏农信,金融服务,传统银行
3106,浙里办,实用工具,生活工具
3107,饿了么星选,实用工具,生活工具
3108,亿刻,新闻资讯,趣味新闻
3109,全本免费小说阅读器,阅读漫画,在线阅读
3110,倒数日,实用工具,生活工具
3111,北京移动手机营业厅,实用工具,生活工具
3112,小寻,通讯社交,即时通讯
3113,支付通QPOS,金融服务,支付工具
3114,河北移动,实用工具,生活工具
3115,度小满金融,金融服务,综合金融
3116,智远一户通,金融服务,理财
3117,酷狗直播,视频直播,垂直直播
3118,手机惠农,网络购物,水果生鲜
3119,腾讯翻译君,实用工具,词典翻译
3120,志愿汇,通讯社交,社区论坛
3121,吱呀,通讯社交,匿名社交
3122,酷酷跑,健康美容,运动健身
3123,TXT免费全本阅读器,阅读漫画,在线阅读
3124,普通话测试,教育培训,语言学习
3125,步道乐跑,健康美容,运动健身
3126,U校园,教育培训,高等教育
3127,e钱庄,金融服务,综合金融
3128,闲聊,通讯社交,匿名社交
3129,升学e网通,教育培训,公开课
3130,可萌记账,金融服务,记账
3131,乐商店,手机游戏,游戏助手
3132,智能证件照,图片摄影,图片编辑
3133,羊毛省钱,网络购物,优惠特卖
3134,15日天气预报,实用工具,生活工具
3135,消费者联盟,网络购物,优惠特卖
3136,加油广东,实用工具,生活工具
3137,玩吧,通讯社交,匿名社交
3138,吉祥日历万年历黄历,实用工具,生活工具
3139,吹牛,通讯社交,匿名社交
3140,趣多拍,视频直播,短视频
3141,腾讯自选股,金融服务,理财
3142,微商相册,实用工具,办公工具
3143,考拉阅读,阅读漫画,在线阅读
3144,集享联盟,网络购物,垂直电商
3145,纷享销客,实用工具,办公工具
3146,一罐,通讯社交,匿名社交
3147,乐橙,智能硬件,智能家居
3148,高佣联盟,网络购物,优惠特卖
3149,掌上WeGame,手机游戏,休闲游戏
3150,洋钱罐借款,金融服务,借贷
3151,蜗牛睡眠,实用工具,生活工具
3152,二手手机找靓机,网络购物,二手交易
3153,脱单大师,通讯社交,婚恋社交
3154,画世界,图片摄影,图片编辑
3155,微众银行,金融服务,传统银行
3156,启信宝企业信用查询,实用工具,办公工具
3157,圈子账本记账,金融服务,记账
3158,积目,通讯社交,匿名社交
3159,拼多多商家版,网络购物,综合电商
3160,元道经纬相机,图片摄影,照相机
3161,owhat,通讯社交,社区论坛
3162,爱奇艺奇巴布,视频直播,垂直直播
3163,花椒相机,图片摄影,图片编辑
3164,夸克,实用工具,手机工具
3165,百度CarLife,汽车服务,汽车资讯
3166,武炼巅峰之帝王传说,手机游戏,冒险游戏
3167,及贷,金融服务,借贷
3168,喔趣考勤,实用工具,办公工具
3169,广西农信,金融服务,传统银行
3170,MX 播放器,视频直播,播放器
3171,皮皮蟹语音包,实用工具,手机工具
3172,我的战舰,手机游戏,策略游戏
3173,友刷,金融服务,支付工具
3174,小度音箱,智能硬件,智能家居
3175,联想日历,实用工具,生活工具
3176,汤姆猫快跑,手机游戏,跑酷游戏
3177,天府通,通勤出行,公共交通
3178,微课掌上通,教育培训,公开课
3179,手机知网,通讯社交,知识百科
3180,趣键盘,实用工具,手机工具
3181,触宝输入法,实用工具,手机工具
3182,工银e生活,金融服务,综合金融
3183,潮汐,实用工具,生活工具
3184,跳跳舞蹈,教育培训,公开课
3185,首旅如家,旅行出游,商务酒店
3186,约会吧,通讯社交,婚恋社交
3187,铁甲二手机,手机游戏,动作游戏
3188,多益战盟,手机游戏,游戏助手
3189,易捷北京,网络购物,商超便利
3190,微拍堂-文玩拍卖,网络购物,二手交易
3191,租号玩,手机游戏,游戏助手
3192,腐次元,阅读漫画,在线阅读
3193,光大金阳光,金融服务,借贷
3194,河南农信,金融服务,传统银行
3195,重庆农商行,金融服务,传统银行
3196,连尚读书,阅读漫画,在线阅读
3197,简影,图片摄影,影像剪辑
3198,梦幻藏宝阁,手机游戏,策略游戏
3199,奕报告,教育培训,高等教育
3200,安徽农信手机银行,金融服务,传统银行
3201,小视秀,视频直播,短视频
3202,ETC车宝,汽车服务,汽车内容
3203,真学国开,教育培训,公开课
3204,斑马会员,网络购物,垂直电商
3205,我的系统,实用工具,手机工具
3206,平安健康,健康美容,健康管理
3207,春城e路通,通勤出行,公共交通
3208,民生山西,实用工具,生活工具
3209,电e宝,实用工具,生活工具
3210,好兴动,金融服务,支付工具
3211,网易大神,通讯社交,社区论坛
3212,校花的贴身高手,阅读漫画,在线阅读
3213,沪江CCtalk,教育培训,公开课
3214,手机批改网,教育培训,语言学习
3215,学英语,教育培训,语言学习
3216,沃视频,视频直播,综合视频
3217,NVSIP,智能硬件,智能安防
3218,微商工具箱,实用工具,办公工具
3219,福建农信,金融服务,传统银行
3220,长江e号,金融服务,理财
3221,彩云小译,实用工具,词典翻译
3222,叮咚音箱,智能硬件,智能家居
3223,灯塔党建在线,教育培训,继续教育
3224,云美摄,视频直播,短视频
3225,陌聊,通讯社交,匿名社交
3226,蜜源,网络购物,优惠特卖
3227,浮浮雷达,音乐广播,音乐工具
3228,美菜商城,网络购物,垂直电商
3229,懒人相亲,通讯社交,婚恋社交
3230,TXT全本免费小说,阅读漫画,在线阅读
3231,游谱旅行,旅行出游,综合预定
3232,宁波人社,实用工具,生活工具
3233,恋世界,手机游戏,模拟经营
3234,一起考教师,教育培训,继续教育
3235,多益云,实用工具,办公工具
3236,小方,金融服务,理财
3237,羚萌直播,视频直播,垂直直播
3238,陕西养老保险,金融服务,保险
3239,宙斯浏览器,实用工具,手机工具
3240,盈盈有钱,金融服务,借贷
3241,52看看,视频直播,垂直直播
3242,九机网,网络购物,垂直电商
3243,中原银行,金融服务,传统银行
3244,闽政通,实用工具,生活工具
3245,聊客,通讯社交,即时通讯
3246,粉象生活,网络购物,网购导流
3247,NOMO,图片摄影,照相机
3248,车智汇,汽车服务,汽车养护
3249,安师傅司机,通勤出行,代驾
3250,手机数据恢复精灵,实用工具,手机工具
3251,货拉拉司机版,快递物流,物流运输
3252,中邮钱包,金融服务,借贷
3253,小蚁摄像机,智能硬件,智能家居
3254,信用管家借钱,金融服务,借贷
3255,369出行,通勤出行,公共交通
3256,我家加油,汽车服务,加油油耗
3257,崽崽ZEPETO,手机游戏,休闲游戏
3258,玩图,图片摄影,图片编辑
3259,E-Mobile,实用工具,办公工具
3260,临沂市教育收费系统,通讯社交,家校沟通
3261,猫耳FM,音乐广播,在线电台
3262,多拉打印,实用工具,办公工具
3263,Google 新闻和天气,实用工具,生活工具
3264,PicsArt美易绘画,图片摄影,图片编辑
3265,庭秘密,健康美容,美容美妆
3266,票牛,餐饮娱乐,娱乐票务
3267,快剪辑,图片摄影,影像剪辑
3268,拾柒,实用工具,生活工具
3269,很皮语音包,实用工具,手机工具
3270,藏书馆,阅读漫画,在线阅读
3271,央视体育,新闻资讯,体育资讯
3272,墨墨背单词,教育培训,语言学习
3273,通卡出行,通勤出行,公共交通
3274,大润发优鲜,网络购物,水果生鲜
3275,biubiu加速器,手机游戏,游戏助手
3276,蝦皮購物,网络购物,综合电商
3277,宜人财富,金融服务,理财
3278,达达骑士版,手机游戏,动作游戏
3279,天天中彩票,金融服务,博彩彩票
3280,斑马智行,汽车服务,汽车养护
3281,华润通,实用工具,生活工具
3282,贪婪洞窟2,手机游戏,动作游戏
3283,搜书神器,阅读漫画,在线阅读
3284,360智能管家,实用工具,手机工具
3285,手机违章,汽车服务,违章查询
3286,小米有品,网络购物,垂直电商
3287,博雅中国象棋,手机游戏,棋牌游戏
3288,枪战英雄,手机游戏,动作游戏
3289,苏宁小店,网络购物,垂直电商
3290,星座运势大全,宗教占卜,宗教占卜
3291,广西云,实用工具,生活工具
3292,奇游手游加速器,手机游戏,游戏助手
3293,易信,通讯社交,即时通讯
3294,卡车之家,汽车服务,汽车资讯
3295,一汽大众服务,汽车服务,汽车内容
3296,多彩校园,教育培训,高等教育
3297,辽宁高速通,实用工具,生活工具
3298,无忧行,实用工具,生活工具
3299,点点,金融服务,借贷
3300,万顺叫车,通勤出行,打车
3301,华医通,实用工具,生活工具
3302,新氧医生端,实用工具,办公工具
3303,石墨文档,实用工具,办公工具
3304,长安FAN,汽车服务,汽车内容
3305,水滴筹,金融服务,众筹
3306,途虎养车-商户版,汽车服务,汽车养护
3307,优信拍,汽车服务,汽车买卖
3308,享物说,网络购物,二手交易
3309,一条,网络购物,综合电商
3310,易鑫汽车报价,汽车服务,汽车资讯
3311,野兽派,网络购物,垂直电商
3312,光猪圈健身,健康美容,运动健身
3313,药师帮,医疗健康,医药服务
3314,花卷,网络购物,网购导流
3315,泊寓,房产租售,房产租赁
3316,女神派,网络购物,二手交易
3317,开思汽配,汽车服务,汽车养护
3318,美菜大客户,网络购物,综合电商
3319,亚朵,旅行出游,商务酒店
3320,驴迹导游,旅行出游,行程攻略
3321,蔚来,汽车服务,汽车内容
3322,星星充电,实用工具,生活工具
3323,E宠商城,网络购物,垂直电商
3324,街电,实用工具,生活工具
3325,轻松筹,金融服务,众筹
3326,震坤行,网络购物,垂直电商
3327,特斯联,实用工具,生活工具
3328,便利蜂,网络购物,垂直电商
3329,爱微游,旅行出游,行程攻略
3330,红圈营销,实用工具,办公工具
3331,一起写,实用工具,办公工具
3332,若琪,智能硬件,智能家居
3333,Worktile,实用工具,办公工具
3334,蛋壳公寓,旅行出游,民宿短租
3335,知识星球,通讯社交,社区论坛
3336,阿里云,实用工具,办公工具
3337,雅思流利说,教育培训,语言学习
3338,灿谷行车,汽车服务,行车辅助
3339,客路旅行,旅行出游,综合预定
3340,爱心筹,金融服务,众筹
3341,罗森点点,网络购物,商超便利
3342,销售易CRM,实用工具,办公工具
3343,蜗牛保险医院,金融服务,保险
3344,大易物流,快递物流,物流运输
3345,金数据,实用工具,办公工具
3346,拼好货,餐饮娱乐,优惠团购
3347,腾讯云小微,实用工具,手机工具
3348,大搜车,金融服务,分期消费
3349,OYO酒店,旅行出游,商务酒店
3350,秀美甲,餐饮娱乐,优惠团购
3351,皇包车旅行,旅行出游,综合预定
3352,回收宝-二手手机回收,网络购物,二手交易
3353,回家吃饭,餐饮娱乐,外卖订餐
3354,皇包车-司导端,通勤出行,租车
3355,多啦衣梦,网络购物,二手交易
3356,伙伴办公,实用工具,办公工具
3357,天天拍车,汽车服务,汽车买卖
3358,有房有客,房产租售,房产租赁
3359,大特保,金融服务,保险
3360,好衣库-代购神器,网络购物,跨境海淘
3361,美乐乐,网络购物,垂直电商
3362,惠租车,通勤出行,租车
3363,高思教育,教育培训,公开课
3364,宋小菜,网络购物,水果生鲜
3365,好汽配,汽车服务,汽车养护
3366,拼便宜,餐饮娱乐,优惠团购
3367,大道用车,通勤出行,租车
3368,宜花供鲜花,网络购物,垂直电商
3369,车置宝二手车,汽车服务,汽车买卖
3370,锐锢商城,网络购物,垂直电商
3371,威马智行,汽车服务,汽车内容
3372,冻品在线,网络购物,水果生鲜
3373,掌门1对1辅导,教育培训,公开课
3374,51Talk青少儿英语,教育培训,语言学习
3375,SODA,通讯社交,匿名社交
3376,MUJI passport,网络购物,垂直电商
3377,工品汇分销,网络购物,垂直电商
3378,WeWork,房产租售,房产租赁
3379,好大夫,医疗健康,预约挂号
3380,酷家乐设计师,实用工具,办公工具
3381,易久批,网络购物,垂直电商
3382,乐刻运动,健康美容,运动健身
3383,钢银助手,网络购物,垂直电商
3384,找钢网,网络购物,垂直电商
3385,上上签,实用工具,办公工具
3386,法大大,实用工具,办公工具
3387,百布,网络购物,垂直电商
3388,搜布,网络购物,垂直电商
3389,衣步到位,网络购物,垂直电商
3390,优料宝,网络购物,垂直电商
3391,农银e管家,金融服务,综合金融
3392,农行企业掌银,金融服务,理财
3393,居理新房,房产租售,房产买卖
3394,问卷星,实用工具,办公工具
3395,问卷网,实用工具,办公工具
3396,柚宝宝,母婴亲子,母婴社区
3397,威尔士健身,健康美容,运动健身
3398,Space,健康美容,运动健身
3399,老百姓药房,网络购物,垂直电商
3400,益丰健康,网络购物,垂直电商