,mid,sex,age,income,province,city,l_province,l_city,l_area,app_freq,label_freq,op,m
1,P_79259119CAWHDHRY,0,39,4,北京,北京,北京市,北京,大兴区,"{""3004"":{""daycount"":1,""pv"":3,""freq"":3},""480"":{""daycount"":1,""pv"":3,""freq"":3},""442"":{""daycount"":17,""pv"":610,""freq"":1},""166"":{""daycount"":1,""pv"":3,""freq"":3},""3090"":{""daycount"":23,""pv"":649,""freq"":1},""963"":{""daycount"":3,""pv"":83,""freq"":1},""403"":{""daycount"":1,""pv"":4,""freq"":3},""400206"":{""daycount"":2,""pv"":25,""freq"":1},""526"":{""daycount"":9,""pv"":30,""freq"":1},""400007"":{""daycount"":1,""pv"":5,""freq"":2},""2088"":{""daycount"":25,""pv"":614,""freq"":1},""1274"":{""daycount"":7,""pv"":27,""freq"":1},""1350"":{""daycount"":16,""pv"":163,""freq"":1},""400009"":{""daycount"":1,""pv"":26,""freq"":3},""607"":{""daycount"":1,""pv"":3,""freq"":3},""400003"":{""daycount"":1,""pv"":188,""freq"":2},""3050"":{""daycount"":1,""pv"":2,""freq"":3},""1379"":{""daycount"":1,""pv"":2,""freq"":3},""1257"":{""daycount"":2,""pv"":16,""freq"":1},""79"":{""daycount"":1,""pv"":2,""freq"":3},""1699"":{""daycount"":1,""pv"":9,""freq"":3},""1694"":{""daycount"":26,""pv"":742,""freq"":1},""1573"":{""daycount"":26,""pv"":1453,""freq"":1},""3115"":{""daycount"":9,""pv"":85,""freq"":1},""1695"":{""daycount"":19,""pv"":68,""freq"":1},""1657"":{""daycount"":1,""pv"":3,""freq"":3},""297"":{""daycount"":26,""pv"":581,""freq"":1},""1219"":{""daycount"":8,""pv"":322,""freq"":1},""332"":{""daycount"":1,""pv"":8,""freq"":2},""298"":{""daycount"":3,""pv"":21,""freq"":2},""532"":{""daycount"":26,""pv"":725,""freq"":1},""80"":{""daycount"":20,""pv"":120,""freq"":1},""2032"":{""daycount"":1,""pv"":4,""freq"":3},""400015"":{""daycount"":26,""pv"":2556,""freq"":1},""2897"":{""daycount"":3,""pv"":10,""freq"":2},""3306"":{""daycount"":2,""pv"":8,""freq"":2},""1488"":{""daycount"":8,""pv"":81,""freq"":1},""1686"":{""daycount"":1,""pv"":7,""freq"":1},""1367"":{""daycount"":1,""pv"":3,""freq"":3},""2298"":{""daycount"":2,""pv"":12,""freq"":2},""1123"":{""daycount"":26,""pv"":1866,""freq"":1},""1761"":{""daycount"":1,""pv"":3,""freq"":3},""1845"":{""daycount"":21,""pv"":673,""freq"":1},""383"":{""daycount"":26,""pv"":49306,""freq"":1},""462"":{""daycount"":2,""pv"":8,""freq"":1},""389"":{""daycount"":19,""pv"":489,""freq"":1},""300030"":{""daycount"":1,""pv"":15,""freq"":3},""300"":{""daycount"":1,""pv"":3,""freq"":3},""347"":{""daycount"":1,""pv"":8,""freq"":3},""622"":{""daycount"":1,""pv"":13,""freq"":2},""468"":{""daycount"":3,""pv"":11,""freq"":1},""665"":{""daycount"":8,""pv"":212,""freq"":1},""300033"":{""daycount"":3,""pv"":31,""freq"":2},""1293"":{""daycount"":7,""pv"":84,""freq"":1},""1692"":{""daycount"":24,""pv"":107,""freq"":1},""92"":{""daycount"":1,""pv"":6,""freq"":3},""3030"":{""daycount"":17,""pv"":1666,""freq"":1},""1292"":{""daycount"":2,""pv"":100,""freq"":2},""400027"":{""daycount"":2,""pv"":50,""freq"":1},""400002"":{""daycount"":1,""pv"":6,""freq"":3},""400040"":{""daycount"":2,""pv"":716,""freq"":1},""1595"":{""daycount"":26,""pv"":963,""freq"":1},""1550"":{""daycount"":26,""pv"":1750,""freq"":1},""2881"":{""daycount"":1,""pv"":3,""freq"":2},""1594"":{""daycount"":3,""pv"":19,""freq"":2},""3014"":{""daycount"":3,""pv"":9,""freq"":1},""1035"":{""daycount"":4,""pv"":17,""freq"":2},""1475"":{""daycount"":3,""pv"":15,""freq"":3},""196"":{""daycount"":2,""pv"":20,""freq"":1},""2009"":{""daycount"":26,""pv"":787,""freq"":1},""1759"":{""daycount"":24,""pv"":1004,""freq"":1},""434"":{""daycount"":1,""pv"":6,""freq"":2},""511"":{""daycount"":22,""pv"":127,""freq"":1},""998"":{""daycount"":4,""pv"":12,""freq"":2},""678"":{""daycount"":24,""pv"":378,""freq"":1},""1480"":{""daycount"":9,""pv"":124,""freq"":1},""3021"":{""daycount"":26,""pv"":874,""freq"":1}}","{""87"":{""daycount"":2,""pv"":16,""freq"":2},""88"":{""daycount"":1,""pv"":2,""freq"":3},""45"":{""daycount"":1,""pv"":3,""freq"":3},""23"":{""daycount"":21,""pv"":673,""freq"":1},""24"":{""daycount"":17,""pv"":1666,""freq"":1},""25"":{""daycount"":1,""pv"":3,""freq"":3},""26"":{""daycount"":8,""pv"":81,""freq"":2},""181"":{""daycount"":19,""pv"":489,""freq"":1},""29"":{""daycount"":26,""pv"":975,""freq"":1},""101"":{""daycount"":1,""pv"":2,""freq"":3},""145"":{""daycount"":23,""pv"":252,""freq"":1},""144"":{""daycount"":8,""pv"":212,""freq"":2},""147"":{""daycount"":26,""pv"":2789,""freq"":1},""3"":{""daycount"":1,""pv"":4,""freq"":3},""146"":{""daycount"":1,""pv"":9,""freq"":2},""104"":{""daycount"":3,""pv"":21,""freq"":2},""6"":{""daycount"":26,""pv"":2118,""freq"":1},""129"":{""daycount"":1,""pv"":7,""freq"":2},""90"":{""daycount"":1,""pv"":2,""freq"":3},""91"":{""daycount"":24,""pv"":137,""freq"":1},""70"":{""daycount"":3,""pv"":83,""freq"":1},""72"":{""daycount"":2,""pv"":14,""freq"":1},""51"":{""daycount"":1,""pv"":3,""freq"":3},""95"":{""daycount"":26,""pv"":50759,""freq"":1},""73"":{""daycount"":3,""pv"":83,""freq"":1},""97"":{""daycount"":4,""pv"":17,""freq"":2},""31"":{""daycount"":26,""pv"":3468,""freq"":1},""76"":{""daycount"":1,""pv"":13,""freq"":3},""33"":{""daycount"":26,""pv"":1323,""freq"":1},""55"":{""daycount"":1,""pv"":3,""freq"":3},""14"":{""daycount"":8,""pv"":322,""freq"":1},""16"":{""daycount"":2,""pv"":100,""freq"":2},""18"":{""daycount"":24,""pv"":478,""freq"":1},""150"":{""daycount"":10,""pv"":88,""freq"":1},""110"":{""daycount"":7,""pv"":84,""freq"":2},""134"":{""daycount"":4,""pv"":37,""freq"":3},""133"":{""daycount"":1,""pv"":3,""freq"":3},""158"":{""daycount"":26,""pv"":787,""freq"":1},""114"":{""daycount"":8,""pv"":93,""freq"":1},""113"":{""daycount"":25,""pv"":620,""freq"":1},""139"":{""daycount"":9,""pv"":30,""freq"":2},""20"":{""daycount"":7,""pv"":27,""freq"":1}}",liantong,201909
2,P_7925911AF1TEULMT,1,37,1,北京,北京,,,,"{""56"":{""daycount"":1,""pv"":14,""freq"":3},""3021"":{""daycount"":1,""pv"":7,""freq"":3},""1573"":{""daycount"":1,""pv"":3,""freq"":3},""383"":{""daycount"":1,""pv"":47,""freq"":3},""1811"":{""daycount"":1,""pv"":5,""freq"":3}}","{""29"":{""daycount"":1,""pv"":14,""freq"":3},""95"":{""daycount"":1,""pv"":50,""freq"":3},""31"":{""daycount"":1,""pv"":12,""freq"":3}}",liantong,201909
3,P_7925911B7AKZERGR,0,28,4,北京,北京,北京市,北京,昌平区,"{""66"":{""daycount"":1,""pv"":2,""freq"":3},""400134"":{""daycount"":1,""pv"":15,""freq"":3},""400012"":{""daycount"":3,""pv"":92,""freq"":2},""1143"":{""daycount"":8,""pv"":189,""freq"":1},""166"":{""daycount"":1,""pv"":3,""freq"":3},""3090"":{""daycount"":18,""pv"":375,""freq"":1},""886"":{""daycount"":3,""pv"":13,""freq"":1},""404"":{""daycount"":1,""pv"":4,""freq"":3},""449"":{""daycount"":16,""pv"":686,""freq"":1},""768"":{""daycount"":3,""pv"":119,""freq"":2},""1274"":{""daycount"":2,""pv"":14,""freq"":2},""529"":{""daycount"":1,""pv"":14,""freq"":3},""1152"":{""daycount"":1,""pv"":25,""freq"":3},""400009"":{""daycount"":1,""pv"":2,""freq"":3},""400005"":{""daycount"":1,""pv"":2,""freq"":3},""400021"":{""daycount"":1,""pv"":54,""freq"":2},""400189"":{""daycount"":1,""pv"":3,""freq"":3},""1776"":{""daycount"":16,""pv"":693,""freq"":1},""1215"":{""daycount"":8,""pv"":459,""freq"":1},""79"":{""daycount"":3,""pv"":17,""freq"":2},""1573"":{""daycount"":25,""pv"":601,""freq"":2},""1572"":{""daycount"":2,""pv"":4,""freq"":3},""1256"":{""daycount"":1,""pv"":3,""freq"":3},""400141"":{""daycount"":3,""pv"":9,""freq"":2},""1695"":{""daycount"":2,""pv"":6,""freq"":2},""1939"":{""daycount"":2,""pv"":136,""freq"":1},""1855"":{""daycount"":2,""pv"":6,""freq"":3},""297"":{""daycount"":8,""pv"":127,""freq"":2},""1219"":{""daycount"":1,""pv"":14,""freq"":3},""2825"":{""daycount"":2,""pv"":13,""freq"":2},""332"":{""daycount"":1,""pv"":3,""freq"":3},""532"":{""daycount"":24,""pv"":606,""freq"":1},""932"":{""daycount"":5,""pv"":98,""freq"":1},""931"":{""daycount"":5,""pv"":50,""freq"":1},""80"":{""daycount"":1,""pv"":3,""freq"":3},""2032"":{""daycount"":20,""pv"":1885,""freq"":1},""2259"":{""daycount"":24,""pv"":1828,""freq"":1},""1488"":{""daycount"":18,""pv"":913,""freq"":1},""1367"":{""daycount"":1,""pv"":24,""freq"":3},""1205"":{""daycount"":2,""pv"":47,""freq"":2},""2139"":{""daycount"":1,""pv"":3,""freq"":3},""2298"":{""daycount"":2,""pv"":6,""freq"":2},""3343"":{""daycount"":9,""pv"":24,""freq"":1},""2059"":{""daycount"":6,""pv"":24,""freq"":1},""300147"":{""daycount"":2,""pv"":144,""freq"":1},""383"":{""daycount"":26,""pv"":14152,""freq"":2},""1569"":{""daycount"":2,""pv"":3,""freq"":3},""662"":{""daycount"":1,""pv"":2,""freq"":3},""300030"":{""daycount"":1,""pv"":12,""freq"":3},""465"":{""daycount"":5,""pv"":20,""freq"":2},""300"":{""daycount"":2,""pv"":6,""freq"":2},""468"":{""daycount"":1,""pv"":5,""freq"":2},""467"":{""daycount"":11,""pv"":184,""freq"":1},""300032"":{""daycount"":1,""pv"":4,""freq"":3},""300033"":{""daycount"":2,""pv"":14,""freq"":3},""3352"":{""daycount"":1,""pv"":127,""freq"":1},""747"":{""daycount"":23,""pv"":615,""freq"":1},""746"":{""daycount"":1,""pv"":5,""freq"":3},""93"":{""daycount"":5,""pv"":168,""freq"":1},""949"":{""daycount"":1,""pv"":2,""freq"":3},""400025"":{""daycount"":1,""pv"":8,""freq"":2},""1292"":{""daycount"":11,""pv"":702,""freq"":1},""52"":{""daycount"":2,""pv"":32,""freq"":3},""1171"":{""daycount"":20,""pv"":1598,""freq"":1},""2368"":{""daycount"":1,""pv"":9,""freq"":2},""1238"":{""daycount"":1,""pv"":3,""freq"":3},""3336"":{""daycount"":9,""pv"":41,""freq"":1},""400001"":{""daycount"":1,""pv"":50,""freq"":2},""13"":{""daycount"":20,""pv"":6357,""freq"":1},""1595"":{""daycount"":8,""pv"":341,""freq"":2},""2287"":{""daycount"":2,""pv"":106,""freq"":1},""3016"":{""daycount"":11,""pv"":273,""freq"":1},""1234"":{""daycount"":1,""pv"":3,""freq"":3},""1597"":{""daycount"":2,""pv"":9,""freq"":2},""3014"":{""daycount"":1,""pv"":3,""freq"":3},""1475"":{""daycount"":9,""pv"":347,""freq"":1},""1519"":{""daycount"":1,""pv"":6,""freq"":3},""1914"":{""daycount"":4,""pv"":31,""freq"":1},""1719"":{""daycount"":3,""pv"":10,""freq"":2},""2727"":{""daycount"":3,""pv"":12,""freq"":1},""1759"":{""daycount"":15,""pv"":138,""freq"":1},""274"":{""daycount"":12,""pv"":1324,""freq"":1},""300140"":{""daycount"":1,""pv"":2,""freq"":3},""511"":{""daycount"":16,""pv"":131,""freq"":2},""678"":{""daycount"":11,""pv"":175,""freq"":2},""3021"":{""daycount"":2,""pv"":6,""freq"":2}}","{""88"":{""daycount"":1,""pv"":3,""freq"":3},""26"":{""daycount"":24,""pv"":2511,""freq"":1},""28"":{""daycount"":12,""pv"":53,""freq"":2},""29"":{""daycount"":14,""pv"":534,""freq"":2},""143"":{""daycount"":2,""pv"":6,""freq"":3},""101"":{""daycount"":3,""pv"":17,""freq"":2},""145"":{""daycount"":1,""pv"":3,""freq"":3},""144"":{""daycount"":13,""pv"":441,""freq"":1},""147"":{""daycount"":5,""pv"":98,""freq"":1},""3"":{""daycount"":21,""pv"":1932,""freq"":1},""4"":{""daycount"":1,""pv"":4,""freq"":3},""102"":{""daycount"":16,""pv"":693,""freq"":1},""105"":{""daycount"":5,""pv"":20,""freq"":3},""148"":{""daycount"":9,""pv"":24,""freq"":1},""6"":{""daycount"":24,""pv"":924,""freq"":1},""1030"":{""daycount"":3,""pv"":3,""freq"":1},""91"":{""daycount"":3,""pv"":33,""freq"":3},""95"":{""daycount"":26,""pv"":14753,""freq"":2},""97"":{""daycount"":10,""pv"":364,""freq"":1},""31"":{""daycount"":24,""pv"":562,""freq"":1},""98"":{""daycount"":12,""pv"":1597,""freq"":1},""33"":{""daycount"":11,""pv"":137,""freq"":2},""11"":{""daycount"":7,""pv"":257,""freq"":1},""14"":{""daycount"":1,""pv"":14,""freq"":3},""38"":{""daycount"":20,""pv"":6357,""freq"":1},""16"":{""daycount"":11,""pv"":702,""freq"":1},""39"":{""daycount"":1,""pv"":2,""freq"":3},""17"":{""daycount"":10,""pv"":613,""freq"":1},""18"":{""daycount"":24,""pv"":1492,""freq"":1},""194"":{""daycount"":11,""pv"":394,""freq"":1},""150"":{""daycount"":6,""pv"":56,""freq"":1},""110"":{""daycount"":24,""pv"":1831,""freq"":1},""134"":{""daycount"":3,""pv"":6,""freq"":3},""114"":{""daycount"":1,""pv"":3,""freq"":3},""113"":{""daycount"":1,""pv"":2,""freq"":3},""118"":{""daycount"":16,""pv"":696,""freq"":1},""1041"":{""daycount"":3,""pv"":3,""freq"":1},""80"":{""daycount"":3,""pv"":119,""freq"":1},""61"":{""daycount"":16,""pv"":686,""freq"":1},""40"":{""daycount"":20,""pv"":6357,""freq"":1},""20"":{""daycount"":2,""pv"":28,""freq"":2}}",liantong,201909
4,P_7925911B96PSYVVJ,0,40,4,北京,北京,北京市,北京,昌平区,"{""66"":{""daycount"":1,""pv"":8,""freq"":3},""1468"":{""daycount"":1,""pv"":6,""freq"":3},""1573"":{""daycount"":3,""pv"":16,""freq"":3},""532"":{""daycount"":1,""pv"":2,""freq"":3},""3189"":{""daycount"":1,""pv"":15,""freq"":3},""383"":{""daycount"":3,""pv"":166,""freq"":3},""1171"":{""daycount"":1,""pv"":3,""freq"":3},""678"":{""daycount"":1,""pv"":6,""freq"":3}}","{""26"":{""daycount"":1,""pv"":3,""freq"":3},""101"":{""daycount"":1,""pv"":6,""freq"":3},""144"":{""daycount"":1,""pv"":8,""freq"":3},""6"":{""daycount"":2,""pv"":8,""freq"":3},""95"":{""daycount"":3,""pv"":182,""freq"":3},""14"":{""daycount"":1,""pv"":15,""freq"":3},""18"":{""daycount"":1,""pv"":6,""freq"":3}}",liantong,201909
5,P_7925911BF4SXMURP,1,31,5,北京,北京,北京市,北京,东城区,"{""1573"":{""daycount"":5,""pv"":25,""freq"":3},""383"":{""daycount"":12,""pv"":2891,""freq"":3},""1344"":{""daycount"":1,""pv"":2,""freq"":3}}","{""95"":{""daycount"":12,""pv"":2916,""freq"":3},""88"":{""daycount"":1,""pv"":2,""freq"":3}}",liantong,201909
6,P_7925911C02ODNHDK,0,33,1,北京,北京,,,,"{""43"":{""daycount"":6,""pv"":139,""freq"":2},""1499"":{""daycount"":6,""pv"":279,""freq"":2},""1550"":{""daycount"":1,""pv"":2,""freq"":3},""1783"":{""daycount"":6,""pv"":49,""freq"":1},""2879"":{""daycount"":5,""pv"":78,""freq"":1},""383"":{""daycount"":12,""pv"":612,""freq"":3},""2229"":{""daycount"":1,""pv"":2,""freq"":3},""2713"":{""daycount"":4,""pv"":9,""freq"":3},""962"":{""daycount"":2,""pv"":141,""freq"":2},""403"":{""daycount"":6,""pv"":77,""freq"":1},""2064"":{""daycount"":5,""pv"":16,""freq"":3},""1250"":{""daycount"":5,""pv"":24,""freq"":2},""3111"":{""daycount"":4,""pv"":35,""freq"":2},""949"":{""daycount"":3,""pv"":6,""freq"":2},""1171"":{""daycount"":15,""pv"":73,""freq"":2}}","{""33"":{""daycount"":5,""pv"":16,""freq"":3},""144"":{""daycount"":8,""pv"":190,""freq"":2},""147"":{""daycount"":10,""pv"":453,""freq"":1},""114"":{""daycount"":5,""pv"":78,""freq"":1},""113"":{""daycount"":6,""pv"":83,""freq"":2},""26"":{""daycount"":15,""pv"":73,""freq"":2},""206"":{""daycount"":4,""pv"":9,""freq"":3},""29"":{""daycount"":4,""pv"":35,""freq"":3},""240"":{""daycount"":1,""pv"":2,""freq"":3},""95"":{""daycount"":12,""pv"":612,""freq"":3},""31"":{""daycount"":1,""pv"":2,""freq"":3}}",liantong,201909
7,P_7925911C66TOVENT,0,40,5,北京,北京,北京市,北京,西城区,"{""66"":{""daycount"":5,""pv"":278,""freq"":1},""1568"":{""daycount"":2,""pv"":9,""freq"":3},""2835"":{""daycount"":8,""pv"":62,""freq"":2},""383"":{""daycount"":20,""pv"":4380,""freq"":3},""442"":{""daycount"":19,""pv"":8095,""freq"":1},""862"":{""daycount"":10,""pv"":69,""freq"":2},""300030"":{""daycount"":19,""pv"":552,""freq"":2},""465"":{""daycount"":2,""pv"":7,""freq"":3},""3090"":{""daycount"":15,""pv"":162,""freq"":2},""468"":{""daycount"":1,""pv"":4,""freq"":2},""963"":{""daycount"":2,""pv"":15,""freq"":2},""1151"":{""daycount"":12,""pv"":2257,""freq"":1},""400003"":{""daycount"":1,""pv"":758,""freq"":1},""1171"":{""daycount"":7,""pv"":136,""freq"":2},""3193"":{""daycount"":11,""pv"":70,""freq"":2},""1573"":{""daycount"":6,""pv"":55,""freq"":3},""1275"":{""daycount"":1,""pv"":2,""freq"":3},""3115"":{""daycount"":5,""pv"":12,""freq"":2},""1377"":{""daycount"":3,""pv"":12,""freq"":2},""1035"":{""daycount"":6,""pv"":20,""freq"":2},""2849"":{""daycount"":1,""pv"":3,""freq"":3},""232"":{""daycount"":8,""pv"":101,""freq"":1},""532"":{""daycount"":14,""pv"":85,""freq"":2},""678"":{""daycount"":1,""pv"":10,""freq"":3},""80"":{""daycount"":1,""pv"":2,""freq"":3},""1480"":{""daycount"":5,""pv"":13,""freq"":2},""1163"":{""daycount"":5,""pv"":76,""freq"":1}}","{""88"":{""daycount"":10,""pv"":69,""freq"":2},""68"":{""daycount"":3,""pv"":12,""freq"":2},""26"":{""daycount"":7,""pv"":136,""freq"":2},""28"":{""daycount"":2,""pv"":9,""freq"":3},""18"":{""daycount"":1,""pv"":10,""freq"":3},""150"":{""daycount"":12,""pv"":82,""freq"":1},""145"":{""daycount"":6,""pv"":15,""freq"":2},""222"":{""daycount"":8,""pv"":62,""freq"":2},""2"":{""daycount"":1,""pv"":3,""freq"":3},""144"":{""daycount"":5,""pv"":354,""freq"":2},""147"":{""daycount"":19,""pv"":10372,""freq"":1},""113"":{""daycount"":8,""pv"":101,""freq"":2},""135"":{""daycount"":8,""pv"":62,""freq"":3},""105"":{""daycount"":2,""pv"":7,""freq"":3},""6"":{""daycount"":14,""pv"":99,""freq"":2},""70"":{""daycount"":2,""pv"":15,""freq"":2},""95"":{""daycount"":20,""pv"":4435,""freq"":3},""73"":{""daycount"":2,""pv"":15,""freq"":2},""20"":{""daycount"":1,""pv"":2,""freq"":3},""31"":{""daycount"":15,""pv"":162,""freq"":2}}",liantong,201909
8,P_7925911CAFELPAKV,1,49,5,北京,北京,北京市,北京,西城区,"{""1786"":{""daycount"":1,""pv"":3,""freq"":3},""66"":{""daycount"":2,""pv"":115,""freq"":2},""2832"":{""daycount"":1,""pv"":39,""freq"":3},""1761"":{""daycount"":1,""pv"":7,""freq"":2},""383"":{""daycount"":10,""pv"":2027,""freq"":3},""166"":{""daycount"":1,""pv"":3,""freq"":3},""465"":{""daycount"":2,""pv"":9,""freq"":3},""2064"":{""daycount"":7,""pv"":27,""freq"":2},""400004"":{""daycount"":1,""pv"":82,""freq"":2},""1573"":{""daycount"":7,""pv"":38,""freq"":3},""3115"":{""daycount"":1,""pv"":5,""freq"":3},""678"":{""daycount"":8,""pv"":146,""freq"":2},""1480"":{""daycount"":1,""pv"":5,""freq"":3},""1163"":{""daycount"":2,""pv"":24,""freq"":2},""400135"":{""daycount"":1,""pv"":14,""freq"":2}}","{""33"":{""daycount"":7,""pv"":27,""freq"":3},""18"":{""daycount"":8,""pv"":146,""freq"":2},""29"":{""daycount"":1,""pv"":3,""freq"":3},""150"":{""daycount"":1,""pv"":5,""freq"":3},""145"":{""daycount"":1,""pv"":5,""freq"":3},""144"":{""daycount"":2,""pv"":139,""freq"":2},""105"":{""daycount"":2,""pv"":9,""freq"":3},""6"":{""daycount"":8,""pv"":146,""freq"":3},""139"":{""daycount"":1,""pv"":39,""freq"":3},""91"":{""daycount"":1,""pv"":10,""freq"":3},""95"":{""daycount"":10,""pv"":2065,""freq"":3}}",liantong,201909
9,P_7925911CCDGCPKJR,0,38,4,北京,北京,北京市,北京,通州区,"{""2897"":{""daycount"":1,""pv"":3,""freq"":3},""66"":{""daycount"":2,""pv"":4,""freq"":3},""400012"":{""daycount"":2,""pv"":4,""freq"":3},""1468"":{""daycount"":3,""pv"":81,""freq"":2},""1465"":{""daycount"":1,""pv"":12,""freq"":1},""383"":{""daycount"":26,""pv"":6381,""freq"":3},""465"":{""daycount"":6,""pv"":17,""freq"":3},""3090"":{""daycount"":13,""pv"":86,""freq"":2},""300"":{""daycount"":1,""pv"":2,""freq"":3},""400206"":{""daycount"":1,""pv"":3,""freq"":3},""505"":{""daycount"":8,""pv"":92,""freq"":1},""506"":{""daycount"":7,""pv"":326,""freq"":1},""400009"":{""daycount"":2,""pv"":4,""freq"":3},""1171"":{""daycount"":8,""pv"":149,""freq"":2},""400005"":{""daycount"":2,""pv"":4,""freq"":3},""400027"":{""daycount"":1,""pv"":6,""freq"":3},""1595"":{""daycount"":22,""pv"":545,""freq"":1},""1573"":{""daycount"":17,""pv"":91,""freq"":3},""1473"":{""daycount"":3,""pv"":34,""freq"":2},""3115"":{""daycount"":1,""pv"":2,""freq"":3},""1594"":{""daycount"":1,""pv"":6,""freq"":3},""1234"":{""daycount"":15,""pv"":103,""freq"":2},""1519"":{""daycount"":5,""pv"":124,""freq"":2},""297"":{""daycount"":24,""pv"":257,""freq"":1},""1759"":{""daycount"":1,""pv"":1,""freq"":3},""1219"":{""daycount"":8,""pv"":88,""freq"":1},""1813"":{""daycount"":1,""pv"":108,""freq"":2},""298"":{""daycount"":4,""pv"":429,""freq"":1},""232"":{""daycount"":2,""pv"":16,""freq"":2},""532"":{""daycount"":14,""pv"":51,""freq"":3},""511"":{""daycount"":26,""pv"":271,""freq"":1},""654"":{""daycount"":1,""pv"":8,""freq"":3},""678"":{""daycount"":2,""pv"":26,""freq"":3},""80"":{""daycount"":1,""pv"":1,""freq"":3},""1480"":{""daycount"":3,""pv"":14,""freq"":2}}","{""99"":{""daycount"":1,""pv"":8,""freq"":3},""33"":{""daycount"":24,""pv"":257,""freq"":1},""88"":{""daycount"":15,""pv"":103,""freq"":2},""14"":{""daycount"":8,""pv"":88,""freq"":1},""26"":{""daycount"":8,""pv"":149,""freq"":2},""1003"":{""daycount"":9,""pv"":59,""freq"":1},""27"":{""daycount"":1,""pv"":12,""freq"":2},""28"":{""daycount"":4,""pv"":142,""freq"":2},""18"":{""daycount"":2,""pv"":26,""freq"":3},""29"":{""daycount"":22,""pv"":545,""freq"":1},""150"":{""daycount"":9,""pv"":330,""freq"":1},""134"":{""daycount"":1,""pv"":9,""freq"":3},""101"":{""daycount"":3,""pv"":81,""freq"":2},""145"":{""daycount"":4,""pv"":15,""freq"":2},""144"":{""daycount"":2,""pv"":4,""freq"":3},""113"":{""daycount"":2,""pv"":16,""freq"":3},""105"":{""daycount"":6,""pv"":17,""freq"":3},""104"":{""daycount"":4,""pv"":429,""freq"":1},""6"":{""daycount"":17,""pv"":170,""freq"":2},""1030"":{""daycount"":12,""pv"":81,""freq"":1},""1041"":{""daycount"":12,""pv"":67,""freq"":1},""91"":{""daycount"":6,""pv"":553,""freq"":2},""95"":{""daycount"":26,""pv"":6472,""freq"":3},""31"":{""daycount"":26,""pv"":357,""freq"":1}}",liantong,201909
10,P_7925911D04QMTCCK,0,32,2,北京,北京,黑龙江,哈尔滨,尚志市,"{""1698"":{""daycount"":2,""pv"":19,""freq"":3},""1488"":{""daycount"":1,""pv"":4,""freq"":3},""56"":{""daycount"":5,""pv"":75,""freq"":2},""3158"":{""daycount"":1,""pv"":22,""freq"":3},""1573"":{""daycount"":5,""pv"":65,""freq"":3},""383"":{""daycount"":6,""pv"":682,""freq"":3},""2009"":{""daycount"":1,""pv"":3,""freq"":3},""1759"":{""daycount"":1,""pv"":5,""freq"":3},""277"":{""daycount"":1,""pv"":11,""freq"":2},""532"":{""daycount"":1,""pv"":3,""freq"":3},""399"":{""daycount"":1,""pv"":4,""freq"":3},""613"":{""daycount"":1,""pv"":3,""freq"":3},""2064"":{""daycount"":4,""pv"":23,""freq"":3},""747"":{""daycount"":1,""pv"":8,""freq"":3},""449"":{""daycount"":1,""pv"":6,""freq"":3},""529"":{""daycount"":1,""pv"":11,""freq"":3}}","{""33"":{""daycount"":4,""pv"":23,""freq"":3},""26"":{""daycount"":1,""pv"":4,""freq"":3},""18"":{""daycount"":1,""pv"":8,""freq"":3},""29"":{""daycount"":5,""pv"":75,""freq"":2},""134"":{""daycount"":1,""pv"":4,""freq"":3},""158"":{""daycount"":1,""pv"":3,""freq"":3},""6"":{""daycount"":2,""pv"":8,""freq"":3},""61"":{""daycount"":1,""pv"":6,""freq"":3},""95"":{""daycount"":6,""pv"":747,""freq"":3},""62"":{""daycount"":1,""pv"":14,""freq"":2},""96"":{""daycount"":1,""pv"":22,""freq"":3},""20"":{""daycount"":1,""pv"":11,""freq"":3},""31"":{""daycount"":2,""pv"":19,""freq"":3}}",liantong,201909
11,P_7925911D07HCHINR,0,38,6,北京,北京,北京市,北京,西城区,"{""1257"":{""daycount"":1,""pv"":6,""freq"":2},""1573"":{""daycount"":27,""pv"":243,""freq"":2},""1234"":{""daycount"":1,""pv"":8,""freq"":3},""383"":{""daycount"":27,""pv"":2827,""freq"":3},""3090"":{""daycount"":1,""pv"":2,""freq"":3},""2064"":{""daycount"":5,""pv"":13,""freq"":3}}","{""87"":{""daycount"":1,""pv"":6,""freq"":2},""33"":{""daycount"":5,""pv"":13,""freq"":3},""88"":{""daycount"":1,""pv"":8,""freq"":3},""95"":{""daycount"":27,""pv"":3070,""freq"":3},""31"":{""daycount"":1,""pv"":2,""freq"":3}}",liantong,201909
12,P_7925911D0BEWABHB,0,32,6,北京,北京,北京市,北京,东城区,"{""383"":{""daycount"":1,""pv"":60,""freq"":3},""532"":{""daycount"":1,""pv"":3,""freq"":3}}","{""6"":{""daycount"":1,""pv"":3,""freq"":3},""95"":{""daycount"":1,""pv"":60,""freq"":3}}",liantong,201909
13,P_7925911D61ZMKZLN,0,49,6,北京,北京,北京市,北京,西城区,"{""1488"":{""daycount"":1,""pv"":4,""freq"":3},""1245"":{""daycount"":17,""pv"":3076,""freq"":1},""400091"":{""daycount"":1,""pv"":18,""freq"":3},""381"":{""daycount"":14,""pv"":178,""freq"":1},""1207"":{""daycount"":1,""pv"":4,""freq"":3},""383"":{""daycount"":23,""pv"":19025,""freq"":2},""1206"":{""daycount"":2,""pv"":5,""freq"":3},""2812"":{""daycount"":4,""pv"":115,""freq"":2},""300030"":{""daycount"":24,""pv"":338,""freq"":2},""3090"":{""daycount"":17,""pv"":333,""freq"":1},""467"":{""daycount"":11,""pv"":140,""freq"":1},""665"":{""daycount"":1,""pv"":25,""freq"":3},""300010"":{""daycount"":6,""pv"":15,""freq"":1},""747"":{""daycount"":2,""pv"":6,""freq"":3},""1252"":{""daycount"":7,""pv"":76,""freq"":1},""400009"":{""daycount"":1,""pv"":14,""freq"":3},""3054"":{""daycount"":1,""pv"":3,""freq"":3},""94"":{""daycount"":11,""pv"":247,""freq"":1},""706"":{""daycount"":16,""pv"":94,""freq"":1},""1292"":{""daycount"":7,""pv"":83,""freq"":1},""2468"":{""daycount"":17,""pv"":323,""freq"":1},""79"":{""daycount"":3,""pv"":6,""freq"":2},""1573"":{""daycount"":12,""pv"":60,""freq"":3},""1099"":{""daycount"":1,""pv"":10,""freq"":3},""1231"":{""daycount"":14,""pv"":56,""freq"":1},""1234"":{""daycount"":1,""pv"":1,""freq"":3},""1597"":{""daycount"":4,""pv"":12,""freq"":2},""1475"":{""daycount"":1,""pv"":94,""freq"":2},""500051"":{""daycount"":1,""pv"":36,""freq"":2},""273"":{""daycount"":21,""pv"":1261,""freq"":1},""1756"":{""daycount"":21,""pv"":502,""freq"":1},""1759"":{""daycount"":5,""pv"":49,""freq"":2},""476"":{""daycount"":2,""pv"":5,""freq"":3},""333"":{""daycount"":11,""pv"":525,""freq"":1},""877"":{""daycount"":3,""pv"":30,""freq"":3},""716"":{""daycount"":2,""pv"":31,""freq"":3}}","{""88"":{""daycount"":1,""pv"":1,""freq"":3},""25"":{""daycount"":2,""pv"":31,""freq"":2},""26"":{""daycount"":1,""pv"":4,""freq"":3},""1003"":{""daycount"":7,""pv"":57,""freq"":1},""28"":{""daycount"":17,""pv"":335,""freq"":1},""29"":{""daycount"":20,""pv"":237,""freq"":1},""101"":{""daycount"":3,""pv"":6,""freq"":3},""144"":{""daycount"":11,""pv"":272,""freq"":1},""147"":{""daycount"":17,""pv"":3076,""freq"":1},""6"":{""daycount"":5,""pv"":49,""freq"":3},""90"":{""daycount"":2,""pv"":5,""freq"":3},""95"":{""daycount"":23,""pv"":19161,""freq"":2},""97"":{""daycount"":15,""pv"":160,""freq"":1},""31"":{""daycount"":17,""pv"":333,""freq"":2},""54"":{""daycount"":1,""pv"":10,""freq"":3},""99"":{""daycount"":7,""pv"":76,""freq"":1},""16"":{""daycount"":7,""pv"":83,""freq"":1},""18"":{""daycount"":9,""pv"":89,""freq"":2},""130"":{""daycount"":11,""pv"":525,""freq"":1},""134"":{""daycount"":3,""pv"":30,""freq"":3},""113"":{""daycount"":21,""pv"":1266,""freq"":1},""135"":{""daycount"":21,""pv"":502,""freq"":1},""139"":{""daycount"":15,""pv"":182,""freq"":1},""62"":{""daycount"":1,""pv"":10,""freq"":3},""40"":{""daycount"":4,""pv"":115,""freq"":1}}",liantong,201909
14,P_7925911D7ADEHLHH,1,48,4,北京,北京,北京市,北京,朝阳区,"{""3305"":{""daycount"":1,""pv"":3,""freq"":3},""2931"":{""daycount"":1,""pv"":3,""freq"":3},""300146"":{""daycount"":1,""pv"":2,""freq"":3},""383"":{""daycount"":24,""pv"":4977,""freq"":3},""100"":{""daycount"":4,""pv"":40,""freq"":2},""465"":{""daycount"":2,""pv"":5,""freq"":3},""2064"":{""daycount"":3,""pv"":8,""freq"":3},""505"":{""daycount"":1,""pv"":5,""freq"":3},""307"":{""daycount"":1,""pv"":7,""freq"":3},""400009"":{""daycount"":4,""pv"":101,""freq"":1},""1171"":{""daycount"":16,""pv"":629,""freq"":1},""56"":{""daycount"":14,""pv"":415,""freq"":2},""57"":{""daycount"":1,""pv"":4,""freq"":3},""1573"":{""daycount"":22,""pv"":351,""freq"":2},""59"":{""daycount"":2,""pv"":4,""freq"":3},""1550"":{""daycount"":2,""pv"":6,""freq"":3},""691"":{""daycount"":2,""pv"":9,""freq"":3},""1759"":{""daycount"":1,""pv"":27,""freq"":3},""532"":{""daycount"":14,""pv"":76,""freq"":2},""678"":{""daycount"":2,""pv"":5,""freq"":3},""2372"":{""daycount"":1,""pv"":3,""freq"":3}}","{""69"":{""daycount"":1,""pv"":4,""freq"":3},""26"":{""daycount"":16,""pv"":629,""freq"":1},""29"":{""daycount"":14,""pv"":415,""freq"":2},""144"":{""daycount"":2,""pv"":9,""freq"":3},""4"":{""daycount"":1,""pv"":7,""freq"":3},""105"":{""daycount"":2,""pv"":5,""freq"":3},""148"":{""daycount"":2,""pv"":4,""freq"":3},""6"":{""daycount"":15,""pv"":113,""freq"":2},""95"":{""daycount"":24,""pv"":5328,""freq"":3},""97"":{""daycount"":1,""pv"":7,""freq"":3},""31"":{""daycount"":2,""pv"":6,""freq"":3},""33"":{""daycount"":3,""pv"":8,""freq"":3},""18"":{""daycount"":3,""pv"":8,""freq"":3},""151"":{""daycount"":1,""pv"":3,""freq"":3},""113"":{""daycount"":1,""pv"":3,""freq"":3},""139"":{""daycount"":4,""pv"":40,""freq"":2}}",liantong,201909
15,P_7925911D82QQJLHC,0,47,5,北京,北京,北京市,北京,西城区,"{""3107"":{""daycount"":1,""pv"":4,""freq"":2},""1488"":{""daycount"":9,""pv"":68,""freq"":1},""3029"":{""daycount"":1,""pv"":3,""freq"":3},""1468"":{""daycount"":3,""pv"":19,""freq"":3},""1583"":{""daycount"":1,""pv"":10,""freq"":2},""3189"":{""daycount"":4,""pv"":468,""freq"":1},""2994"":{""daycount"":18,""pv"":197,""freq"":1},""1806"":{""daycount"":12,""pv"":70,""freq"":1},""383"":{""daycount"":23,""pv"":15825,""freq"":2},""366"":{""daycount"":2,""pv"":10,""freq"":2},""300"":{""daycount"":3,""pv"":9,""freq"":2},""963"":{""daycount"":2,""pv"":47,""freq"":2},""300033"":{""daycount"":14,""pv"":373,""freq"":1},""227"":{""daycount"":21,""pv"":846,""freq"":1},""400206"":{""daycount"":1,""pv"":2,""freq"":3},""747"":{""daycount"":3,""pv"":12,""freq"":3},""3012"":{""daycount"":1,""pv"":40,""freq"":3},""2088"":{""daycount"":1,""pv"":3,""freq"":3},""2440"":{""daycount"":1,""pv"":5,""freq"":3},""949"":{""daycount"":1,""pv"":4,""freq"":3},""1292"":{""daycount"":2,""pv"":13,""freq"":2},""1171"":{""daycount"":14,""pv"":666,""freq"":1},""400027"":{""daycount"":1,""pv"":4,""freq"":3},""2864"":{""daycount"":2,""pv"":43,""freq"":2},""3336"":{""daycount"":1,""pv"":3,""freq"":3},""2722"":{""daycount"":1,""pv"":4,""freq"":3},""1694"":{""daycount"":1,""pv"":18,""freq"":3},""1595"":{""daycount"":19,""pv"":121,""freq"":2},""1573"":{""daycount"":17,""pv"":111,""freq"":3},""2881"":{""daycount"":6,""pv"":109,""freq"":1},""3115"":{""daycount"":4,""pv"":23,""freq"":2},""3058"":{""daycount"":1,""pv"":3,""freq"":3},""2827"":{""daycount"":1,""pv"":61,""freq"":3},""196"":{""daycount"":7,""pv"":178,""freq"":1},""297"":{""daycount"":18,""pv"":100,""freq"":2},""1759"":{""daycount"":19,""pv"":171,""freq"":1},""200026"":{""daycount"":2,""pv"":230,""freq"":1},""532"":{""daycount"":17,""pv"":87,""freq"":2},""333"":{""daycount"":21,""pv"":1748,""freq"":1},""511"":{""daycount"":15,""pv"":44,""freq"":2},""100317"":{""daycount"":1,""pv"":3,""freq"":3},""3165"":{""daycount"":2,""pv"":54,""freq"":2},""1480"":{""daycount"":4,""pv"":23,""freq"":2},""716"":{""daycount"":2,""pv"":80,""freq"":2},""1284"":{""daycount"":2,""pv"":7,""freq"":3},""1182"":{""daycount"":1,""pv"":3,""freq"":3}}","{""67"":{""daycount"":2,""pv"":54,""freq"":2},""24"":{""daycount"":1,""pv"":3,""freq"":3},""47"":{""daycount"":21,""pv"":886,""freq"":1},""25"":{""daycount"":2,""pv"":90,""freq"":2},""26"":{""daycount"":17,""pv"":734,""freq"":1},""28"":{""daycount"":1,""pv"":3,""freq"":3},""29"":{""daycount"":20,""pv"":135,""freq"":2},""101"":{""daycount"":3,""pv"":19,""freq"":2},""145"":{""daycount"":4,""pv"":23,""freq"":2},""2"":{""daycount"":12,""pv"":70,""freq"":1},""103"":{""daycount"":1,""pv"":61,""freq"":2},""147"":{""daycount"":7,""pv"":291,""freq"":1},""204"":{""daycount"":1,""pv"":4,""freq"":3},""6"":{""daycount"":22,""pv"":270,""freq"":2},""70"":{""daycount"":2,""pv"":47,""freq"":2},""95"":{""daycount"":23,""pv"":15936,""freq"":2},""73"":{""daycount"":2,""pv"":47,""freq"":2},""97"":{""daycount"":1,""pv"":3,""freq"":3},""31"":{""daycount"":15,""pv"":44,""freq"":3},""33"":{""daycount"":18,""pv"":118,""freq"":2},""14"":{""daycount"":4,""pv"":468,""freq"":1},""16"":{""daycount"":2,""pv"":13,""freq"":2},""17"":{""daycount"":2,""pv"":43,""freq"":2},""18"":{""daycount"":3,""pv"":25,""freq"":3},""150"":{""daycount"":6,""pv"":32,""freq"":2},""130"":{""daycount"":21,""pv"":1748,""freq"":1},""110"":{""daycount"":18,""pv"":197,""freq"":1},""113"":{""daycount"":3,""pv"":10,""freq"":3}}",liantong,201909
16,P_7925911DA0CFCJYO,1,38,1,北京,北京,,,,"{""66"":{""daycount"":2,""pv"":43,""freq"":2},""1488"":{""daycount"":5,""pv"":62,""freq"":2},""2995"":{""daycount"":1,""pv"":5,""freq"":3},""3328"":{""daycount"":9,""pv"":170,""freq"":1},""1584"":{""daycount"":2,""pv"":9,""freq"":2},""1122"":{""daycount"":5,""pv"":123,""freq"":1},""2059"":{""daycount"":1,""pv"":3,""freq"":3},""381"":{""daycount"":1,""pv"":59,""freq"":2},""383"":{""daycount"":23,""pv"":4879,""freq"":3},""1206"":{""daycount"":1,""pv"":6,""freq"":3},""2836"":{""daycount"":4,""pv"":63,""freq"":2},""465"":{""daycount"":3,""pv"":8,""freq"":3},""3090"":{""daycount"":2,""pv"":8,""freq"":3},""743"":{""daycount"":2,""pv"":10,""freq"":3},""307"":{""daycount"":1,""pv"":17,""freq"":3},""747"":{""daycount"":2,""pv"":15,""freq"":3},""1274"":{""daycount"":1,""pv"":11,""freq"":2},""1252"":{""daycount"":3,""pv"":23,""freq"":2},""748"":{""daycount"":1,""pv"":14,""freq"":3},""949"":{""daycount"":1,""pv"":2,""freq"":3},""1292"":{""daycount"":2,""pv"":93,""freq"":2},""56"":{""daycount"":16,""pv"":233,""freq"":2},""3336"":{""daycount"":2,""pv"":9,""freq"":2},""1573"":{""daycount"":23,""pv"":256,""freq"":2},""1550"":{""daycount"":1,""pv"":3,""freq"":3},""3115"":{""daycount"":5,""pv"":34,""freq"":1},""3058"":{""daycount"":3,""pv"":25,""freq"":2},""1759"":{""daycount"":1,""pv"":2,""freq"":3},""532"":{""daycount"":13,""pv"":116,""freq"":2},""877"":{""daycount"":2,""pv"":16,""freq"":3},""756"":{""daycount"":2,""pv"":15,""freq"":2},""2372"":{""daycount"":1,""pv"":3,""freq"":3},""80"":{""daycount"":7,""pv"":22,""freq"":1},""1480"":{""daycount"":5,""pv"":43,""freq"":2},""1163"":{""daycount"":2,""pv"":33,""freq"":2},""400015"":{""daycount"":3,""pv"":53,""freq"":2},""1281"":{""daycount"":1,""pv"":4,""freq"":3}}","{""65"":{""daycount"":2,""pv"":10,""freq"":3},""88"":{""daycount"":2,""pv"":15,""freq"":3},""24"":{""daycount"":3,""pv"":25,""freq"":3},""26"":{""daycount"":5,""pv"":62,""freq"":2},""28"":{""daycount"":2,""pv"":9,""freq"":3},""29"":{""daycount"":16,""pv"":233,""freq"":2},""101"":{""daycount"":1,""pv"":4,""freq"":3},""145"":{""daycount"":10,""pv"":70,""freq"":1},""2"":{""daycount"":9,""pv"":170,""freq"":1},""144"":{""daycount"":2,""pv"":76,""freq"":3},""147"":{""daycount"":5,""pv"":186,""freq"":1},""4"":{""daycount"":1,""pv"":17,""freq"":3},""105"":{""daycount"":4,""pv"":22,""freq"":3},""6"":{""daycount"":14,""pv"":118,""freq"":2},""107"":{""daycount"":2,""pv"":15,""freq"":1},""90"":{""daycount"":3,""pv"":15,""freq"":3},""95"":{""daycount"":23,""pv"":5158,""freq"":3},""97"":{""daycount"":1,""pv"":17,""freq"":3},""31"":{""daycount"":3,""pv"":11,""freq"":3},""99"":{""daycount"":3,""pv"":23,""freq"":2},""11"":{""daycount"":1,""pv"":3,""freq"":3},""16"":{""daycount"":2,""pv"":93,""freq"":2},""18"":{""daycount"":4,""pv"":111,""freq"":2},""150"":{""daycount"":5,""pv"":34,""freq"":2},""134"":{""daycount"":2,""pv"":16,""freq"":3},""113"":{""daycount"":2,""pv"":6,""freq"":3},""139"":{""daycount"":1,""pv"":59,""freq"":3},""42"":{""daycount"":2,""pv"":10,""freq"":2},""20"":{""daycount"":1,""pv"":11,""freq"":3},""64"":{""daycount"":2,""pv"":10,""freq"":2}}",liantong,201909
17,P_7925911DAATQJRHZ,0,29,5,北京,北京,广东,广州,越秀区,"{""1367"":{""daycount"":11,""pv"":189,""freq"":2},""1568"":{""daycount"":1,""pv"":2,""freq"":3},""1146"":{""daycount"":1,""pv"":52,""freq"":2},""3343"":{""daycount"":15,""pv"":120,""freq"":1},""383"":{""daycount"":20,""pv"":4180,""freq"":3},""100"":{""daycount"":1,""pv"":4,""freq"":3},""300030"":{""daycount"":16,""pv"":118,""freq"":2},""3090"":{""daycount"":15,""pv"":1094,""freq"":1},""2064"":{""daycount"":2,""pv"":10,""freq"":3},""3375"":{""daycount"":14,""pv"":1643,""freq"":1},""2088"":{""daycount"":3,""pv"":12,""freq"":2},""848"":{""daycount"":5,""pv"":21,""freq"":2},""1171"":{""daycount"":6,""pv"":251,""freq"":2},""3336"":{""daycount"":1,""pv"":4,""freq"":3},""79"":{""daycount"":1,""pv"":6,""freq"":2},""1232"":{""daycount"":1,""pv"":68,""freq"":2},""1573"":{""daycount"":11,""pv"":100,""freq"":3},""1473"":{""daycount"":6,""pv"":89,""freq"":2},""1550"":{""daycount"":11,""pv"":129,""freq"":1},""500051"":{""daycount"":2,""pv"":200,""freq"":1},""2009"":{""daycount"":5,""pv"":44,""freq"":2},""1756"":{""daycount"":7,""pv"":432,""freq"":2},""332"":{""daycount"":4,""pv"":256,""freq"":1},""532"":{""daycount"":11,""pv"":135,""freq"":2},""300020"":{""daycount"":1,""pv"":10,""freq"":1},""415"":{""daycount"":3,""pv"":32,""freq"":2}}","{""26"":{""daycount"":6,""pv"":251,""freq"":2},""28"":{""daycount"":7,""pv"":95,""freq"":2},""29"":{""daycount"":1,""pv"":52,""freq"":3},""101"":{""daycount"":1,""pv"":6,""freq"":3},""148"":{""daycount"":15,""pv"":120,""freq"":1},""6"":{""daycount"":11,""pv"":135,""freq"":2},""90"":{""daycount"":5,""pv"":21,""freq"":2},""91"":{""daycount"":11,""pv"":189,""freq"":2},""93"":{""daycount"":1,""pv"":68,""freq"":3},""95"":{""daycount"":20,""pv"":4280,""freq"":3},""96"":{""daycount"":14,""pv"":1643,""freq"":1},""97"":{""daycount"":1,""pv"":6,""freq"":3},""31"":{""daycount"":17,""pv"":1223,""freq"":2},""33"":{""daycount"":2,""pv"":10,""freq"":3},""134"":{""daycount"":4,""pv"":256,""freq"":2},""158"":{""daycount"":5,""pv"":44,""freq"":2},""113"":{""daycount"":3,""pv"":12,""freq"":3},""135"":{""daycount"":7,""pv"":464,""freq"":2},""139"":{""daycount"":1,""pv"":4,""freq"":3},""86"":{""daycount"":1,""pv"":68,""freq"":2}}",liantong,201909
18,P_7925911DB1DRDLXJ,0,32,5,北京,北京,北京市,北京,朝阳区,"{""1488"":{""daycount"":1,""pv"":4,""freq"":3},""1927"":{""daycount"":1,""pv"":4,""freq"":3},""383"":{""daycount"":4,""pv"":305,""freq"":3},""300030"":{""daycount"":8,""pv"":85,""freq"":2},""3090"":{""daycount"":2,""pv"":8,""freq"":3},""2780"":{""daycount"":1,""pv"":5,""freq"":2},""1730"":{""daycount"":1,""pv"":3,""freq"":3},""1755"":{""daycount"":1,""pv"":3,""freq"":3},""1234"":{""daycount"":6,""pv"":32,""freq"":2},""1756"":{""daycount"":1,""pv"":9,""freq"":3}}","{""88"":{""daycount"":6,""pv"":32,""freq"":3},""26"":{""daycount"":1,""pv"":4,""freq"":3},""95"":{""daycount"":4,""pv"":305,""freq"":3},""31"":{""daycount"":2,""pv"":8,""freq"":3},""136"":{""daycount"":1,""pv"":4,""freq"":3},""135"":{""daycount"":1,""pv"":20,""freq"":3},""216"":{""daycount"":1,""pv"":5,""freq"":3}}",liantong,201909
19,P_7925911DD4BRZBAP,0,35,4,北京,北京,北京市,北京,朝阳区,"{""2822"":{""daycount"":3,""pv"":20,""freq"":1},""1633"":{""daycount"":3,""pv"":34,""freq"":2},""1573"":{""daycount"":22,""pv"":296,""freq"":2},""2730"":{""daycount"":2,""pv"":17,""freq"":3},""1695"":{""daycount"":2,""pv"":6,""freq"":2},""2883"":{""daycount"":2,""pv"":53,""freq"":2},""1719"":{""daycount"":23,""pv"":68,""freq"":1},""2835"":{""daycount"":14,""pv"":154,""freq"":2},""383"":{""daycount"":23,""pv"":13151,""freq"":2},""1569"":{""daycount"":3,""pv"":6,""freq"":3},""1913"":{""daycount"":3,""pv"":32,""freq"":2},""673"":{""daycount"":1,""pv"":12,""freq"":2},""672"":{""daycount"":2,""pv"":57,""freq"":2},""862"":{""daycount"":14,""pv"":316,""freq"":2},""532"":{""daycount"":1,""pv"":3,""freq"":3},""3090"":{""daycount"":1,""pv"":1,""freq"":3},""479"":{""daycount"":3,""pv"":12,""freq"":2},""511"":{""daycount"":21,""pv"":138,""freq"":1},""678"":{""daycount"":15,""pv"":208,""freq"":1},""2064"":{""daycount"":16,""pv"":57,""freq"":2},""2176"":{""daycount"":2,""pv"":20,""freq"":2},""3021"":{""daycount"":2,""pv"":5,""freq"":3},""748"":{""daycount"":1,""pv"":7,""freq"":3},""949"":{""daycount"":3,""pv"":10,""freq"":2}}","{""33"":{""daycount"":23,""pv"":125,""freq"":2},""88"":{""daycount"":15,""pv"":336,""freq"":2},""18"":{""daycount"":15,""pv"":208,""freq"":1},""194"":{""daycount"":2,""pv"":17,""freq"":3},""141"":{""daycount"":3,""pv"":32,""freq"":2},""134"":{""daycount"":3,""pv"":6,""freq"":3},""222"":{""daycount"":14,""pv"":154,""freq"":2},""144"":{""daycount"":2,""pv"":70,""freq"":3},""113"":{""daycount"":3,""pv"":10,""freq"":3},""124"":{""daycount"":1,""pv"":12,""freq"":2},""135"":{""daycount"":14,""pv"":154,""freq"":2},""105"":{""daycount"":1,""pv"":7,""freq"":3},""148"":{""daycount"":2,""pv"":57,""freq"":2},""6"":{""daycount"":15,""pv"":211,""freq"":2},""91"":{""daycount"":3,""pv"":12,""freq"":3},""108"":{""daycount"":3,""pv"":34,""freq"":2},""95"":{""daycount"":23,""pv"":13467,""freq"":2},""31"":{""daycount"":21,""pv"":150,""freq"":2}}",liantong,201909
20,P_7925911DF7BREAIS,0,49,4,北京,北京,北京市,北京,房山区,"{""1573"":{""daycount"":11,""pv"":65,""freq"":3},""2298"":{""daycount"":1,""pv"":2,""freq"":3},""2730"":{""daycount"":28,""pv"":1488,""freq"":1},""381"":{""daycount"":19,""pv"":1345,""freq"":1},""1218"":{""daycount"":1,""pv"":8,""freq"":2},""383"":{""daycount"":28,""pv"":6489,""freq"":2},""1613"":{""daycount"":1,""pv"":5,""freq"":3},""242"":{""daycount"":18,""pv"":83,""freq"":2},""673"":{""daycount"":28,""pv"":7844,""freq"":1},""532"":{""daycount"":1,""pv"":3,""freq"":3},""511"":{""daycount"":3,""pv"":15,""freq"":3},""901"":{""daycount"":1,""pv"":14,""freq"":3},""218"":{""daycount"":1,""pv"":11,""freq"":2},""1292"":{""daycount"":1,""pv"":10,""freq"":3},""1171"":{""daycount"":1,""pv"":24,""freq"":3}}","{""44"":{""daycount"":1,""pv"":5,""freq"":3},""26"":{""daycount"":1,""pv"":24,""freq"":3},""16"":{""daycount"":1,""pv"":10,""freq"":3},""18"":{""daycount"":1,""pv"":10,""freq"":3},""29"":{""daycount"":1,""pv"":2,""freq"":3},""194"":{""daycount"":28,""pv"":1488,""freq"":1},""150"":{""daycount"":1,""pv"":11,""freq"":3},""144"":{""daycount"":28,""pv"":1488,""freq"":1},""124"":{""daycount"":28,""pv"":7844,""freq"":1},""135"":{""daycount"":1,""pv"":14,""freq"":3},""102"":{""daycount"":1,""pv"":5,""freq"":3},""6"":{""daycount"":1,""pv"":3,""freq"":3},""139"":{""daycount"":19,""pv"":1353,""freq"":1},""95"":{""daycount"":28,""pv"":6554,""freq"":2},""31"":{""daycount"":18,""pv"":98,""freq"":2}}",liantong,201909
21,P_7925911E02EARBNF,1,51,6,北京,北京,北京市,北京,西城区,"{""66"":{""daycount"":1,""pv"":5,""freq"":3},""400134"":{""daycount"":2,""pv"":4,""freq"":3},""1583"":{""daycount"":1,""pv"":3,""freq"":3},""3343"":{""daycount"":11,""pv"":50,""freq"":1},""2994"":{""daycount"":1,""pv"":2,""freq"":3},""1761"":{""daycount"":4,""pv"":16,""freq"":1},""381"":{""daycount"":1,""pv"":13,""freq"":3},""1328"":{""daycount"":1,""pv"":27,""freq"":3},""383"":{""daycount"":28,""pv"":12485,""freq"":2},""300030"":{""daycount"":29,""pv"":2387,""freq"":1},""465"":{""daycount"":2,""pv"":8,""freq"":3},""3090"":{""daycount"":8,""pv"":64,""freq"":2},""467"":{""daycount"":27,""pv"":277,""freq"":1},""403"":{""daycount"":2,""pv"":8,""freq"":2},""526"":{""daycount"":4,""pv"":50,""freq"":1},""92"":{""daycount"":17,""pv"":120,""freq"":1},""509"":{""daycount"":4,""pv"":10,""freq"":2},""94"":{""daycount"":1,""pv"":9,""freq"":3},""400047"":{""daycount"":1,""pv"":12,""freq"":3},""30"":{""daycount"":3,""pv"":79,""freq"":1},""1292"":{""daycount"":5,""pv"":139,""freq"":1},""1171"":{""daycount"":8,""pv"":88,""freq"":2},""400005"":{""daycount"":2,""pv"":27,""freq"":2},""2247"":{""daycount"":20,""pv"":71,""freq"":1},""3116"":{""daycount"":17,""pv"":193,""freq"":1},""1573"":{""daycount"":17,""pv"":65,""freq"":3},""1572"":{""daycount"":12,""pv"":48,""freq"":1},""1613"":{""daycount"":1,""pv"":3,""freq"":3},""1759"":{""daycount"":15,""pv"":199,""freq"":1},""274"":{""daycount"":1,""pv"":4,""freq"":3},""532"":{""daycount"":20,""pv"":166,""freq"":2},""476"":{""daycount"":1,""pv"":3,""freq"":3},""300041"":{""daycount"":1,""pv"":7,""freq"":2},""754"":{""daycount"":12,""pv"":584,""freq"":1},""511"":{""daycount"":19,""pv"":120,""freq"":2},""931"":{""daycount"":1,""pv"":33,""freq"":2},""678"":{""daycount"":19,""pv"":198,""freq"":1},""3164"":{""daycount"":1,""pv"":18,""freq"":2},""63"":{""daycount"":1,""pv"":5,""freq"":3}}","{""98"":{""daycount"":1,""pv"":4,""freq"":3},""44"":{""daycount"":1,""pv"":3,""freq"":3},""24"":{""daycount"":1,""pv"":27,""freq"":3},""25"":{""daycount"":1,""pv"":3,""freq"":3},""26"":{""daycount"":8,""pv"":88,""freq"":2},""16"":{""daycount"":5,""pv"":139,""freq"":1},""18"":{""daycount"":21,""pv"":337,""freq"":1},""29"":{""daycount"":28,""pv"":348,""freq"":1},""150"":{""daycount"":1,""pv"":33,""freq"":3},""110"":{""daycount"":1,""pv"":2,""freq"":3},""144"":{""daycount"":2,""pv"":19,""freq"":3},""147"":{""daycount"":17,""pv"":392,""freq"":1},""113"":{""daycount"":7,""pv"":21,""freq"":2},""102"":{""daycount"":1,""pv"":3,""freq"":3},""105"":{""daycount"":2,""pv"":8,""freq"":3},""148"":{""daycount"":11,""pv"":50,""freq"":1},""6"":{""daycount"":23,""pv"":563,""freq"":1},""139"":{""daycount"":5,""pv"":63,""freq"":2},""91"":{""daycount"":4,""pv"":16,""freq"":3},""95"":{""daycount"":28,""pv"":12550,""freq"":2},""97"":{""daycount"":12,""pv"":584,""freq"":1},""31"":{""daycount"":25,""pv"":250,""freq"":2}}",liantong,201909
22,P_7925911E15CUGAIW,1,30,4,北京,北京,北京市,北京,丰台区,"{""56"":{""daycount"":2,""pv"":12,""freq"":3},""1683"":{""daycount"":1,""pv"":13,""freq"":3},""1023"":{""daycount"":1,""pv"":4,""freq"":3},""1573"":{""daycount"":9,""pv"":44,""freq"":3},""1234"":{""daycount"":7,""pv"":43,""freq"":2},""500051"":{""daycount"":2,""pv"":6,""freq"":3},""383"":{""daycount"":15,""pv"":1164,""freq"":3},""1206"":{""daycount"":1,""pv"":8,""freq"":3},""1756"":{""daycount"":3,""pv"":11,""freq"":3},""3329"":{""daycount"":2,""pv"":6,""freq"":2},""1759"":{""daycount"":1,""pv"":1,""freq"":3},""2957"":{""daycount"":1,""pv"":13,""freq"":3},""2"":{""daycount"":1,""pv"":3,""freq"":3},""3090"":{""daycount"":5,""pv"":16,""freq"":3},""465"":{""daycount"":1,""pv"":3,""freq"":3},""401"":{""daycount"":1,""pv"":3,""freq"":3},""877"":{""daycount"":2,""pv"":21,""freq"":3},""2064"":{""daycount"":1,""pv"":3,""freq"":3},""600057"":{""daycount"":2,""pv"":6,""freq"":1}}","{""32"":{""daycount"":1,""pv"":3,""freq"":3},""33"":{""daycount"":1,""pv"":3,""freq"":3},""88"":{""daycount"":7,""pv"":43,""freq"":3},""47"":{""daycount"":1,""pv"":3,""freq"":3},""58"":{""daycount"":2,""pv"":6,""freq"":3},""29"":{""daycount"":2,""pv"":12,""freq"":3},""134"":{""daycount"":2,""pv"":25,""freq"":3},""136"":{""daycount"":1,""pv"":13,""freq"":2},""135"":{""daycount"":3,""pv"":11,""freq"":3},""105"":{""daycount"":1,""pv"":3,""freq"":3},""6"":{""daycount"":1,""pv"":1,""freq"":3},""90"":{""daycount"":2,""pv"":21,""freq"":3},""95"":{""daycount"":15,""pv"":1208,""freq"":3},""31"":{""daycount"":5,""pv"":16,""freq"":3}}",liantong,201909
23,P_7925911E51FBEERH,0,40,5,北京,北京,北京市,北京,海淀区,"{""1488"":{""daycount"":19,""pv"":403,""freq"":1},""2139"":{""daycount"":1,""pv"":5,""freq"":3},""2279"":{""daycount"":1,""pv"":4,""freq"":3},""3343"":{""daycount"":2,""pv"":6,""freq"":2},""2059"":{""daycount"":1,""pv"":8,""freq"":2},""1024"":{""daycount"":5,""pv"":39,""freq"":1},""383"":{""daycount"":27,""pv"":18732,""freq"":2},""384"":{""daycount"":1,""pv"":2,""freq"":3},""2"":{""daycount"":2,""pv"":18,""freq"":2},""166"":{""daycount"":1,""pv"":3,""freq"":3},""103"":{""daycount"":1,""pv"":1,""freq"":3},""465"":{""daycount"":10,""pv"":33,""freq"":2},""886"":{""daycount"":1,""pv"":4,""freq"":3},""401"":{""daycount"":1,""pv"":163,""freq"":2},""2064"":{""daycount"":18,""pv"":215,""freq"":1},""505"":{""daycount"":1,""pv"":4,""freq"":3},""747"":{""daycount"":2,""pv"":8,""freq"":3},""449"":{""daycount"":2,""pv"":12,""freq"":3},""1274"":{""daycount"":10,""pv"":54,""freq"":1},""93"":{""daycount"":1,""pv"":9,""freq"":3},""100066"":{""daycount"":1,""pv"":8,""freq"":2},""1292"":{""daycount"":2,""pv"":38,""freq"":2},""1018"":{""daycount"":2,""pv"":49,""freq"":2},""56"":{""daycount"":11,""pv"":2100,""freq"":2},""1694"":{""daycount"":2,""pv"":33,""freq"":2},""1232"":{""daycount"":3,""pv"":56,""freq"":2},""1573"":{""daycount"":23,""pv"":1092,""freq"":1},""1550"":{""daycount"":19,""pv"":128,""freq"":1},""3115"":{""daycount"":19,""pv"":111,""freq"":1},""3016"":{""daycount"":3,""pv"":58,""freq"":2},""1297"":{""daycount"":1,""pv"":42,""freq"":2},""1597"":{""daycount"":1,""pv"":3,""freq"":3},""1695"":{""daycount"":1,""pv"":8,""freq"":3},""2868"":{""daycount"":2,""pv"":12,""freq"":1},""1659"":{""daycount"":9,""pv"":55,""freq"":1},""274"":{""daycount"":3,""pv"":58,""freq"":2},""277"":{""daycount"":4,""pv"":25,""freq"":1},""156"":{""daycount"":1,""pv"":22,""freq"":2},""532"":{""daycount"":14,""pv"":119,""freq"":2},""157"":{""daycount"":1,""pv"":50,""freq"":2},""754"":{""daycount"":1,""pv"":7,""freq"":2},""1480"":{""daycount"":19,""pv"":167,""freq"":1},""3021"":{""daycount"":2,""pv"":12,""freq"":2}}","{""45"":{""daycount"":1,""pv"":22,""freq"":2},""47"":{""daycount"":2,""pv"":30,""freq"":2},""48"":{""daycount"":1,""pv"":22,""freq"":2},""26"":{""daycount"":19,""pv"":403,""freq"":1},""28"":{""daycount"":10,""pv"":65,""freq"":2},""29"":{""daycount"":11,""pv"":2100,""freq"":2},""145"":{""daycount"":19,""pv"":167,""freq"":1},""144"":{""daycount"":1,""pv"":9,""freq"":3},""147"":{""daycount"":1,""pv"":42,""freq"":2},""105"":{""daycount"":10,""pv"":33,""freq"":2},""104"":{""daycount"":5,""pv"":39,""freq"":1},""148"":{""daycount"":2,""pv"":6,""freq"":2},""6"":{""daycount"":14,""pv"":123,""freq"":2},""91"":{""daycount"":1,""pv"":3,""freq"":3},""93"":{""daycount"":3,""pv"":56,""freq"":2},""95"":{""daycount"":27,""pv"":19824,""freq"":2},""97"":{""daycount"":2,""pv"":8,""freq"":3},""31"":{""daycount"":19,""pv"":148,""freq"":2},""98"":{""daycount"":3,""pv"":116,""freq"":2},""32"":{""daycount"":1,""pv"":213,""freq"":2},""33"":{""daycount"":18,""pv"":248,""freq"":2},""11"":{""daycount"":1,""pv"":8,""freq"":2},""56"":{""daycount"":2,""pv"":49,""freq"":2},""16"":{""daycount"":2,""pv"":38,""freq"":2},""17"":{""daycount"":1,""pv"":4,""freq"":3},""18"":{""daycount"":2,""pv"":46,""freq"":3},""194"":{""daycount"":1,""pv"":9,""freq"":3},""150"":{""daycount"":19,""pv"":111,""freq"":1},""110"":{""daycount"":1,""pv"":1,""freq"":3},""113"":{""daycount"":1,""pv"":4,""freq"":3},""61"":{""daycount"":2,""pv"":12,""freq"":3},""62"":{""daycount"":4,""pv"":25,""freq"":1},""86"":{""daycount"":3,""pv"":56,""freq"":2},""20"":{""daycount"":10,""pv"":54,""freq"":1}}",liantong,201909
24,P_7925911E8BCADMDQ,0,33,1,北京,北京,辽宁,葫芦岛,绥中县,"{""1568"":{""daycount"":1,""pv"":4,""freq"":3},""300030"":{""daycount"":22,""pv"":269,""freq"":2},""465"":{""daycount"":3,""pv"":24,""freq"":3},""1573"":{""daycount"":17,""pv"":146,""freq"":3},""1550"":{""daycount"":1,""pv"":6,""freq"":3},""2298"":{""daycount"":1,""pv"":2,""freq"":3},""656"":{""daycount"":4,""pv"":5,""freq"":2},""381"":{""daycount"":6,""pv"":31,""freq"":2},""500051"":{""daycount"":1,""pv"":14,""freq"":3},""383"":{""daycount"":20,""pv"":5008,""freq"":3},""1569"":{""daycount"":2,""pv"":2,""freq"":3},""1756"":{""daycount"":1,""pv"":14,""freq"":3}}","{""134"":{""daycount"":2,""pv"":2,""freq"":3},""135"":{""daycount"":1,""pv"":14,""freq"":3},""105"":{""daycount"":3,""pv"":24,""freq"":3},""139"":{""daycount"":6,""pv"":31,""freq"":2},""28"":{""daycount"":1,""pv"":4,""freq"":3},""29"":{""daycount"":1,""pv"":2,""freq"":3},""130"":{""daycount"":4,""pv"":5,""freq"":3},""95"":{""daycount"":22,""pv"":5154,""freq"":3},""31"":{""daycount"":1,""pv"":6,""freq"":3}}",liantong,201909
25,P_7925911E9DIVVPEQ,1,55,5,北京,北京,北京市,北京,海淀区,"{""1203"":{""daycount"":12,""pv"":4870,""freq"":1},""1027"":{""daycount"":6,""pv"":40,""freq"":2},""400012"":{""daycount"":3,""pv"":72,""freq"":2},""2997"":{""daycount"":4,""pv"":172,""freq"":1},""2879"":{""daycount"":1,""pv"":11,""freq"":2},""383"":{""daycount"":21,""pv"":8116,""freq"":3},""2713"":{""daycount"":1,""pv"":3,""freq"":3},""760"":{""daycount"":2,""pv"":11,""freq"":1},""300030"":{""daycount"":1,""pv"":3,""freq"":3},""3090"":{""daycount"":6,""pv"":20,""freq"":3},""401"":{""daycount"":1,""pv"":4,""freq"":3},""2064"":{""daycount"":14,""pv"":77,""freq"":2},""400206"":{""daycount"":1,""pv"":3,""freq"":3},""1250"":{""daycount"":1,""pv"":3,""freq"":3},""1095"":{""daycount"":1,""pv"":9,""freq"":2},""1472"":{""daycount"":1,""pv"":8,""freq"":2},""94"":{""daycount"":1,""pv"":10,""freq"":3},""1171"":{""daycount"":2,""pv"":92,""freq"":3},""400027"":{""daycount"":1,""pv"":6,""freq"":3},""56"":{""daycount"":14,""pv"":836,""freq"":2},""2288"":{""daycount"":1,""pv"":6,""freq"":3},""3334"":{""daycount"":1,""pv"":1,""freq"":3},""1573"":{""daycount"":21,""pv"":537,""freq"":2},""3236"":{""daycount"":12,""pv"":3009,""freq"":1},""3115"":{""daycount"":5,""pv"":27,""freq"":2},""1377"":{""daycount"":2,""pv"":6,""freq"":3},""1759"":{""daycount"":3,""pv"":14,""freq"":2},""1219"":{""daycount"":1,""pv"":11,""freq"":3},""175"":{""daycount"":3,""pv"":31,""freq"":2},""232"":{""daycount"":1,""pv"":5,""freq"":2},""375"":{""daycount"":6,""pv"":49,""freq"":1},""532"":{""daycount"":2,""pv"":9,""freq"":3},""654"":{""daycount"":6,""pv"":33,""freq"":2},""678"":{""daycount"":16,""pv"":808,""freq"":1},""80"":{""daycount"":1,""pv"":5,""freq"":3},""1480"":{""daycount"":4,""pv"":29,""freq"":2},""1284"":{""daycount"":1,""pv"":3,""freq"":3},""3043"":{""daycount"":14,""pv"":336,""freq"":1}}","{""32"":{""daycount"":1,""pv"":4,""freq"":3},""99"":{""daycount"":6,""pv"":33,""freq"":2},""33"":{""daycount"":15,""pv"":108,""freq"":2},""44"":{""daycount"":14,""pv"":336,""freq"":1},""55"":{""daycount"":1,""pv"":1,""freq"":3},""68"":{""daycount"":2,""pv"":6,""freq"":3},""14"":{""daycount"":1,""pv"":11,""freq"":3},""26"":{""daycount"":2,""pv"":92,""freq"":3},""28"":{""daycount"":1,""pv"":8,""freq"":3},""18"":{""daycount"":16,""pv"":808,""freq"":1},""29"":{""daycount"":14,""pv"":836,""freq"":1},""150"":{""daycount"":5,""pv"":27,""freq"":2},""145"":{""daycount"":5,""pv"":34,""freq"":2},""144"":{""daycount"":1,""pv"":10,""freq"":3},""147"":{""daycount"":12,""pv"":7925,""freq"":1},""114"":{""daycount"":1,""pv"":11,""freq"":2},""113"":{""daycount"":5,""pv"":177,""freq"":2},""124"":{""daycount"":1,""pv"":9,""freq"":2},""5"":{""daycount"":2,""pv"":11,""freq"":2},""6"":{""daycount"":16,""pv"":883,""freq"":2},""206"":{""daycount"":1,""pv"":3,""freq"":3},""128"":{""daycount"":1,""pv"":6,""freq"":2},""95"":{""daycount"":21,""pv"":8653,""freq"":2},""31"":{""daycount"":6,""pv"":20,""freq"":3}}",liantong,201909
26,P_7925911EB3QLNENA,0,24,1,北京,北京,,,,"{""1788"":{""daycount"":3,""pv"":18,""freq"":2},""1468"":{""daycount"":19,""pv"":515,""freq"":1},""240"":{""daycount"":1,""pv"":73,""freq"":2},""482"":{""daycount"":1,""pv"":1,""freq"":3},""3090"":{""daycount"":17,""pv"":221,""freq"":2},""401"":{""daycount"":2,""pv"":16,""freq"":3},""1274"":{""daycount"":5,""pv"":16,""freq"":1},""400009"":{""daycount"":1,""pv"":13,""freq"":3},""3239"":{""daycount"":1,""pv"":6,""freq"":3},""1259"":{""daycount"":1,""pv"":4,""freq"":3},""1496"":{""daycount"":9,""pv"":113,""freq"":1},""1573"":{""daycount"":24,""pv"":774,""freq"":1},""1572"":{""daycount"":3,""pv"":21,""freq"":2},""400140"":{""daycount"":2,""pv"":326,""freq"":1},""2025"":{""daycount"":1,""pv"":12,""freq"":2},""1935"":{""daycount"":4,""pv"":137,""freq"":2},""2748"":{""daycount"":1,""pv"":12,""freq"":2},""1219"":{""daycount"":1,""pv"":10,""freq"":3},""376"":{""daycount"":4,""pv"":27,""freq"":2},""532"":{""daycount"":4,""pv"":10,""freq"":3},""415"":{""daycount"":11,""pv"":77,""freq"":1},""3085"":{""daycount"":1,""pv"":3,""freq"":2},""1488"":{""daycount"":2,""pv"":7,""freq"":3},""1367"":{""daycount"":17,""pv"":1051,""freq"":1},""2298"":{""daycount"":16,""pv"":188,""freq"":1},""3343"":{""daycount"":4,""pv"":11,""freq"":2},""1927"":{""daycount"":1,""pv"":16,""freq"":3},""383"":{""daycount"":26,""pv"":17716,""freq"":2},""1569"":{""daycount"":16,""pv"":361,""freq"":1},""983"":{""daycount"":1,""pv"":3,""freq"":3},""103"":{""daycount"":7,""pv"":72,""freq"":2},""300030"":{""daycount"":1,""pv"":7,""freq"":3},""465"":{""daycount"":8,""pv"":32,""freq"":2},""347"":{""daycount"":16,""pv"":190,""freq"":1},""346"":{""daycount"":4,""pv"":79,""freq"":2},""866"":{""daycount"":19,""pv"":702,""freq"":1},""747"":{""daycount"":1,""pv"":14,""freq"":3},""3198"":{""daycount"":1,""pv"":3,""freq"":3},""746"":{""daycount"":1,""pv"":7,""freq"":3},""1252"":{""daycount"":2,""pv"":21,""freq"":2},""1292"":{""daycount"":1,""pv"":10,""freq"":3},""600052"":{""daycount"":1,""pv"":6,""freq"":3},""2401"":{""daycount"":1,""pv"":23,""freq"":3},""1755"":{""daycount"":1,""pv"":7,""freq"":3},""1232"":{""daycount"":3,""pv"":26,""freq"":2},""1234"":{""daycount"":18,""pv"":69,""freq"":2},""1519"":{""daycount"":15,""pv"":256,""freq"":1},""500051"":{""daycount"":1,""pv"":24,""freq"":2},""2009"":{""daycount"":1,""pv"":3,""freq"":3},""1756"":{""daycount"":12,""pv"":319,""freq"":1},""1759"":{""daycount"":13,""pv"":276,""freq"":1},""475"":{""daycount"":2,""pv"":16,""freq"":2},""476"":{""daycount"":2,""pv"":23,""freq"":3},""157"":{""daycount"":2,""pv"":35,""freq"":2},""300140"":{""daycount"":1,""pv"":6,""freq"":2},""479"":{""daycount"":1,""pv"":3,""freq"":3},""511"":{""daycount"":7,""pv"":41,""freq"":2},""100317"":{""daycount"":1,""pv"":9,""freq"":2},""678"":{""daycount"":1,""pv"":10,""freq"":3},""100079"":{""daycount"":1,""pv"":12,""freq"":3}}","{""88"":{""daycount"":18,""pv"":69,""freq"":2},""26"":{""daycount"":3,""pv"":8,""freq"":3},""29"":{""daycount"":16,""pv"":211,""freq"":2},""142"":{""daycount"":1,""pv"":4,""freq"":3},""101"":{""daycount"":19,""pv"":515,""freq"":1},""145"":{""daycount"":16,""pv"":190,""freq"":1},""221"":{""daycount"":1,""pv"":3,""freq"":3},""105"":{""daycount"":8,""pv"":32,""freq"":2},""148"":{""daycount"":4,""pv"":11,""freq"":2},""6"":{""daycount"":13,""pv"":296,""freq"":2},""90"":{""daycount"":2,""pv"":16,""freq"":3},""91"":{""daycount"":18,""pv"":1310,""freq"":1},""93"":{""daycount"":4,""pv"":44,""freq"":2},""95"":{""daycount"":26,""pv"":18511,""freq"":2},""30"":{""daycount"":9,""pv"":113,""freq"":1},""97"":{""daycount"":7,""pv"":72,""freq"":2},""31"":{""daycount"":18,""pv"":362,""freq"":2},""32"":{""daycount"":2,""pv"":51,""freq"":2},""99"":{""daycount"":2,""pv"":21,""freq"":2},""14"":{""daycount"":1,""pv"":10,""freq"":3},""16"":{""daycount"":1,""pv"":10,""freq"":3},""17"":{""daycount"":1,""pv"":7,""freq"":3},""18"":{""daycount"":2,""pv"":34,""freq"":3},""110"":{""daycount"":7,""pv"":72,""freq"":2},""230"":{""daycount"":1,""pv"":3,""freq"":3},""134"":{""daycount"":16,""pv"":361,""freq"":1},""112"":{""daycount"":1,""pv"":3,""freq"":3},""156"":{""daycount"":1,""pv"":12,""freq"":2},""158"":{""daycount"":1,""pv"":3,""freq"":3},""136"":{""daycount"":2,""pv"":19,""freq"":2},""113"":{""daycount"":2,""pv"":23,""freq"":3},""157"":{""daycount"":1,""pv"":12,""freq"":2},""135"":{""daycount"":14,""pv"":661,""freq"":2},""137"":{""daycount"":19,""pv"":702,""freq"":1},""216"":{""daycount"":1,""pv"":12,""freq"":3},""86"":{""daycount"":4,""pv"":44,""freq"":2},""20"":{""daycount"":5,""pv"":16,""freq"":2}}",liantong,201909
27,P_7925911EC6LETTLV,0,44,4,北京,北京,北京市,北京,大兴区,"{""1573"":{""daycount"":6,""pv"":47,""freq"":3},""2463"":{""daycount"":1,""pv"":23,""freq"":2},""3115"":{""daycount"":3,""pv"":7,""freq"":2},""1812"":{""daycount"":11,""pv"":352,""freq"":1},""297"":{""daycount"":3,""pv"":23,""freq"":3},""1813"":{""daycount"":4,""pv"":11,""freq"":3},""532"":{""daycount"":5,""pv"":23,""freq"":3},""333"":{""daycount"":3,""pv"":5,""freq"":3},""383"":{""daycount"":15,""pv"":517,""freq"":3},""941"":{""daycount"":4,""pv"":19,""freq"":1},""1171"":{""daycount"":2,""pv"":5,""freq"":3},""1312"":{""daycount"":2,""pv"":13,""freq"":3},""3336"":{""daycount"":2,""pv"":5,""freq"":2},""1595"":{""daycount"":4,""pv"":16,""freq"":3},""1716"":{""daycount"":1,""pv"":5,""freq"":3},""1759"":{""daycount"":1,""pv"":3,""freq"":3},""2091"":{""daycount"":5,""pv"":92,""freq"":1},""476"":{""daycount"":1,""pv"":14,""freq"":3},""511"":{""daycount"":8,""pv"":28,""freq"":3},""1480"":{""daycount"":4,""pv"":11,""freq"":3}}","{""26"":{""daycount"":2,""pv"":5,""freq"":3},""28"":{""daycount"":5,""pv"":16,""freq"":2},""29"":{""daycount"":4,""pv"":16,""freq"":3},""145"":{""daycount"":4,""pv"":11,""freq"":3},""6"":{""daycount"":6,""pv"":26,""freq"":3},""93"":{""daycount"":2,""pv"":13,""freq"":2},""95"":{""daycount"":15,""pv"":564,""freq"":3},""31"":{""daycount"":12,""pv"":514,""freq"":2},""33"":{""daycount"":3,""pv"":23,""freq"":3},""150"":{""daycount"":3,""pv"":7,""freq"":3},""130"":{""daycount"":3,""pv"":5,""freq"":3},""113"":{""daycount"":2,""pv"":19,""freq"":3},""86"":{""daycount"":2,""pv"":13,""freq"":2}}",liantong,201909
28,P_7925911EDDULIAEL,0,30,1,北京,北京,,,,"{""2997"":{""daycount"":1,""pv"":4,""freq"":3},""532"":{""daycount"":6,""pv"":67,""freq"":3},""383"":{""daycount"":9,""pv"":4410,""freq"":3},""2064"":{""daycount"":4,""pv"":11,""freq"":3},""1234"":{""daycount"":1,""pv"":1,""freq"":3},""1719"":{""daycount"":7,""pv"":30,""freq"":2},""2009"":{""daycount"":5,""pv"":31,""freq"":2},""399"":{""daycount"":1,""pv"":6,""freq"":3},""511"":{""daycount"":6,""pv"":45,""freq"":2}}","{""88"":{""daycount"":1,""pv"":1,""freq"":3},""6"":{""daycount"":6,""pv"":67,""freq"":3},""95"":{""daycount"":9,""pv"":4410,""freq"":3},""31"":{""daycount"":6,""pv"":45,""freq"":3},""33"":{""daycount"":8,""pv"":41,""freq"":3},""134"":{""daycount"":1,""pv"":6,""freq"":3},""158"":{""daycount"":5,""pv"":31,""freq"":2},""113"":{""daycount"":1,""pv"":4,""freq"":3}}",liantong,201909
29,P_7925911EEBLNUUFM,1,32,5,北京,北京,北京市,北京,东城区,"{""1573"":{""daycount"":9,""pv"":73,""freq"":3},""1719"":{""daycount"":3,""pv"":4,""freq"":3},""383"":{""daycount"":21,""pv"":4521,""freq"":3},""1206"":{""daycount"":1,""pv"":1,""freq"":3},""1756"":{""daycount"":1,""pv"":3,""freq"":3},""1759"":{""daycount"":1,""pv"":2,""freq"":3},""1219"":{""daycount"":1,""pv"":2,""freq"":3},""274"":{""daycount"":1,""pv"":2,""freq"":3},""1813"":{""daycount"":2,""pv"":24,""freq"":2},""232"":{""daycount"":1,""pv"":3,""freq"":3},""375"":{""daycount"":1,""pv"":6,""freq"":3},""476"":{""daycount"":4,""pv"":33,""freq"":2},""300030"":{""daycount"":1,""pv"":3,""freq"":3},""3090"":{""daycount"":3,""pv"":32,""freq"":3},""511"":{""daycount"":12,""pv"":63,""freq"":2},""2063"":{""daycount"":13,""pv"":83,""freq"":2}}","{""98"":{""daycount"":1,""pv"":2,""freq"":3},""33"":{""daycount"":13,""pv"":87,""freq"":2},""113"":{""daycount"":5,""pv"":36,""freq"":2},""135"":{""daycount"":1,""pv"":3,""freq"":3},""14"":{""daycount"":1,""pv"":2,""freq"":3},""6"":{""daycount"":2,""pv"":8,""freq"":3},""28"":{""daycount"":2,""pv"":24,""freq"":3},""90"":{""daycount"":1,""pv"":1,""freq"":3},""95"":{""daycount"":21,""pv"":4594,""freq"":3},""31"":{""daycount"":12,""pv"":95,""freq"":3}}",liantong,201909
30,P_7925911F24JMHGUN,0,27,5,北京,北京,北京市,北京,海淀区,"{""1755"":{""daycount"":4,""pv"":55,""freq"":2},""1573"":{""daycount"":1,""pv"":17,""freq"":3},""1234"":{""daycount"":14,""pv"":421,""freq"":1},""3343"":{""daycount"":2,""pv"":22,""freq"":2},""2059"":{""daycount"":1,""pv"":3,""freq"":3},""1475"":{""daycount"":14,""pv"":2664,""freq"":1},""500051"":{""daycount"":1,""pv"":22,""freq"":2},""1927"":{""daycount"":4,""pv"":32,""freq"":2},""383"":{""daycount"":15,""pv"":3097,""freq"":3},""1569"":{""daycount"":2,""pv"":2,""freq"":3},""1756"":{""daycount"":13,""pv"":214,""freq"":1},""532"":{""daycount"":10,""pv"":49,""freq"":3},""300030"":{""daycount"":15,""pv"":245,""freq"":2},""399"":{""daycount"":6,""pv"":702,""freq"":2},""3090"":{""daycount"":11,""pv"":521,""freq"":2},""415"":{""daycount"":4,""pv"":21,""freq"":2},""80"":{""daycount"":2,""pv"":4,""freq"":3},""3078"":{""daycount"":1,""pv"":3,""freq"":3},""748"":{""daycount"":1,""pv"":21,""freq"":3},""600052"":{""daycount"":1,""pv"":6,""freq"":3},""1171"":{""daycount"":1,""pv"":26,""freq"":3}}","{""11"":{""daycount"":1,""pv"":3,""freq"":3},""88"":{""daycount"":14,""pv"":421,""freq"":2},""26"":{""daycount"":1,""pv"":26,""freq"":3},""134"":{""daycount"":8,""pv"":704,""freq"":2},""145"":{""daycount"":2,""pv"":4,""freq"":3},""136"":{""daycount"":4,""pv"":32,""freq"":2},""135"":{""daycount"":13,""pv"":290,""freq"":2},""105"":{""daycount"":1,""pv"":21,""freq"":3},""148"":{""daycount"":2,""pv"":22,""freq"":2},""6"":{""daycount"":10,""pv"":49,""freq"":3},""95"":{""daycount"":15,""pv"":3114,""freq"":3},""97"":{""daycount"":14,""pv"":2667,""freq"":1},""31"":{""daycount"":11,""pv"":521,""freq"":2}}",liantong,201909
31,P_7925911F2AFHMCSI,1,37,5,北京,北京,北京市,北京,丰台区,"{""66"":{""daycount"":1,""pv"":2,""freq"":3},""2994"":{""daycount"":1,""pv"":4,""freq"":3},""383"":{""daycount"":11,""pv"":979,""freq"":3},""166"":{""daycount"":1,""pv"":4,""freq"":3},""532"":{""daycount"":1,""pv"":6,""freq"":3},""300030"":{""daycount"":11,""pv"":42,""freq"":2},""1163"":{""daycount"":1,""pv"":2,""freq"":3}}","{""110"":{""daycount"":1,""pv"":4,""freq"":3},""144"":{""daycount"":1,""pv"":4,""freq"":3},""6"":{""daycount"":1,""pv"":6,""freq"":3},""91"":{""daycount"":1,""pv"":4,""freq"":3},""95"":{""daycount"":11,""pv"":979,""freq"":3}}",liantong,201909
32,P_7925911F2FFSAKKU,1,24,3,北京,北京,北京市,北京,昌平区,"{""1984"":{""daycount"":14,""pv"":723,""freq"":1},""2577"":{""daycount"":1,""pv"":7,""freq"":2},""44"":{""daycount"":1,""pv"":9,""freq"":3},""3007"":{""daycount"":3,""pv"":11,""freq"":3},""2730"":{""daycount"":1,""pv"":26,""freq"":3},""400052"":{""daycount"":1,""pv"":2,""freq"":3},""383"":{""daycount"":25,""pv"":12897,""freq"":2},""763"":{""daycount"":2,""pv"":7,""freq"":2},""146"":{""daycount"":1,""pv"":3,""freq"":3},""300030"":{""daycount"":25,""pv"":307,""freq"":2},""3090"":{""daycount"":19,""pv"":430,""freq"":1},""300"":{""daycount"":1,""pv"":36,""freq"":2},""743"":{""daycount"":2,""pv"":7,""freq"":3},""886"":{""daycount"":1,""pv"":28,""freq"":2},""126"":{""daycount"":1,""pv"":4,""freq"":3},""100328"":{""daycount"":2,""pv"":18,""freq"":1},""505"":{""daycount"":1,""pv"":8,""freq"":2},""889"":{""daycount"":2,""pv"":7,""freq"":3},""748"":{""daycount"":8,""pv"":941,""freq"":1},""707"":{""daycount"":9,""pv"":161,""freq"":1},""100066"":{""daycount"":1,""pv"":4,""freq"":3},""1292"":{""daycount"":1,""pv"":10,""freq"":3},""1171"":{""daycount"":14,""pv"":283,""freq"":1},""2247"":{""daycount"":3,""pv"":5,""freq"":3},""2126"":{""daycount"":1,""pv"":8,""freq"":2},""400002"":{""daycount"":1,""pv"":12,""freq"":2},""1633"":{""daycount"":4,""pv"":13,""freq"":2},""2882"":{""daycount"":4,""pv"":23,""freq"":2},""1573"":{""daycount"":14,""pv"":95,""freq"":3},""1473"":{""daycount"":2,""pv"":6,""freq"":3},""1234"":{""daycount"":11,""pv"":99,""freq"":2},""400140"":{""daycount"":1,""pv"":147,""freq"":1},""3058"":{""daycount"":2,""pv"":36,""freq"":2},""2883"":{""daycount"":1,""pv"":10,""freq"":3},""2729"":{""daycount"":1,""pv"":3,""freq"":3},""592"":{""daycount"":1,""pv"":2,""freq"":3},""273"":{""daycount"":1,""pv"":3,""freq"":3},""2823"":{""daycount"":17,""pv"":129,""freq"":1},""1759"":{""daycount"":2,""pv"":13,""freq"":3},""274"":{""daycount"":5,""pv"":67,""freq"":2},""532"":{""daycount"":19,""pv"":167,""freq"":2},""100117"":{""daycount"":1,""pv"":173,""freq"":1},""80"":{""daycount"":2,""pv"":15,""freq"":2},""1480"":{""daycount"":2,""pv"":18,""freq"":2},""1482"":{""daycount"":1,""pv"":12,""freq"":2},""100357"":{""daycount"":1,""pv"":10,""freq"":2},""100234"":{""daycount"":1,""pv"":3,""freq"":3}}","{""65"":{""daycount"":2,""pv"":10,""freq"":3},""88"":{""daycount"":11,""pv"":99,""freq"":2},""24"":{""daycount"":2,""pv"":36,""freq"":2},""26"":{""daycount"":14,""pv"":283,""freq"":1},""49"":{""daycount"":2,""pv"":7,""freq"":3},""28"":{""daycount"":2,""pv"":6,""freq"":3},""29"":{""daycount"":3,""pv"":5,""freq"":3},""186"":{""daycount"":1,""pv"":3,""freq"":3},""145"":{""daycount"":4,""pv"":33,""freq"":2},""2"":{""daycount"":1,""pv"":7,""freq"":3},""144"":{""daycount"":2,""pv"":48,""freq"":3},""105"":{""daycount"":8,""pv"":941,""freq"":2},""6"":{""daycount"":21,""pv"":196,""freq"":2},""91"":{""daycount"":2,""pv"":7,""freq"":3},""108"":{""daycount"":17,""pv"":142,""freq"":1},""95"":{""daycount"":25,""pv"":12992,""freq"":2},""96"":{""daycount"":10,""pv"":172,""freq"":1},""31"":{""daycount"":19,""pv"":430,""freq"":2},""98"":{""daycount"":5,""pv"":67,""freq"":2},""16"":{""daycount"":2,""pv"":22,""freq"":2},""17"":{""daycount"":1,""pv"":28,""freq"":3},""18"":{""daycount"":2,""pv"":22,""freq"":3},""194"":{""daycount"":2,""pv"":35,""freq"":2},""150"":{""daycount"":2,""pv"":38,""freq"":2},""134"":{""daycount"":4,""pv"":23,""freq"":3},""156"":{""daycount"":14,""pv"":723,""freq"":1},""113"":{""daycount"":1,""pv"":3,""freq"":3},""42"":{""daycount"":2,""pv"":7,""freq"":2},""64"":{""daycount"":3,""pv"":11,""freq"":2}}",liantong,201909
